193,32764155,2008.0,None,8/5/2008,12,1.0,0.0,Y,03030,None,01,005,1.0,03,Y,02,4,1,1,1,09,1,02,K,N3,None,None,8/5/2008 1:28:00 AM,NYC PD,1,011,1,N,4508188.42,584963.1801,474730451.0,425249.0,1.0,5,2.0,N,327641552008,-73.9940026016,40.7202317082,Manhattan,103,25,2,1,12,64055,Chinatown,5,36061001800,18,None,64
1972,32659497,2008.0,None,6/5/2008,12,1.0,0.0,Y,03030,None,99,049,2.0,03,Y,01,1,1,1,1,09,2,12,K,N1,None,None,6/5/2008 7:04:00 PM,NYC PD,1,011,1,N,4524616.4191,595776.6217,438230297.0,435352.0,89.0,5,2.0,N,326594972008,-73.8634693311,40.8670085122,The Bronx,211,34,11,13,7,80061,Bronxdale,49,36005034000,340,None,80
3423,32631001,2008.0,None,3/28/2008,12,1.0,0.0,Y,03030,None,01,062,1.0,03,Y,02,4,1,1,1,09,1,02,K,N2,None,None,3/28/2008 6:15:00 AM,NYC PD,1,011,1,Y,4494359.88013,585196.200013,435471889.0,173589.0,0.0,None,2.0,N,326310012008,-73.9931186219,40.5956487657,Brooklyn,311,23,21,47,13,47010,Bensonhurst East,62,36047030400,304,None,47
3568,32745936,2008.0,None,7/10/2008,12,1.0,1.0,Y,03030,None,01,072,1.0,03,Y,03,4,1,1,1,09,1,ZZ,KC,N2,None,None,7/10/2008 10:10:00 PM,NYC PD,1,011,1,Y,4499288.86,583862.38,437002484.0,426878.0,0.0,None,2.0,N,327459362008,-74.0082235154,40.6401828005,Brooklyn,307,23,15,38,12,48074,Sunset Park East,72,36047010600,106,None,48
4131,32794386,2008.0,None,9/6/2008,12,1.0,1.0,Y,03030,None,01,084,1.0,03,Y,02,1,3,1,2,09,1,01,KC,N2,None,None,9/6/2008 2:22:00 PM,NYC PD,1,011,3,Y,4504950.14,585386.55,437973879.0,169170.0,0.00026645,3,2.0,N,327943862008,-73.9894315149,40.6910197756,Brooklyn,302,25,15,33,11,52104,Brooklyn Heights - Cobble,84,36047000900,9,None,52
4328,32861006,2008.0,None,9/10/2008,12,1.0,0.0,Y,03030,None,01,078,1.0,03,Y,02,1,1,1,1,09,1,02,K,N2,None,None,9/10/2008 8:20:00 AM,NYC PD,1,011,3,Y,4502948.22,586766.85,435478193.0,178671.0,0.0,None,2.0,N,328610062008,-73.9733745904,40.6728437684,Brooklyn,306,20,15,33,11,52025,Park Slope - Gowanus,78,36047016500,165,None,52
4601,32794404,2008.0,None,8/31/2008,12,1.0,0.0,Y,03030,None,01,071,1.0,03,Y,02,1,1,2,1,09,Z,05,K,N2,None,None,8/31/2008 4:10:00 PM,NYC PD,1,011,1,Y,4502563.5401,588275.8901,435476799.0,187318.0,0.0,None,2.0,N,327944042008,-73.9555765255,40.6692187321,Brooklyn,309,20,17,35,11,57014,Crown Heights South,71,36047032300,323,None,57
5033,32685178,2008.0,None,4/16/2008,12,1.0,0.0,Y,03030,None,01,007,2.0,03,Y,02,1,1,1,1,09,1,02,K,N3,None,None,4/16/2008 7:20:00 AM,NYC PD,1,011,1,Y,4507737.7701,585155.2001,429082470.0,169881.0,0.0,None,2.0,N,326851782008,-73.9917905957,40.7161527417,Manhattan,103,25,2,1,12,64032,Chinatown,7,36061001600,16,None,64
5864,32757764,2008.0,None,7/11/2008,12,1.0,0.0,Y,03030,None,01,017,1.0,03,Y,02,4,1,1,1,09,1,02,K,N3,None,None,7/11/2008 9:04:00 PM,NYC PD,1,011,1,Y,4511880.09,587234.7899,429086802.0,170897.0,0.0,None,2.0,N,327577642008,-73.9665955431,40.7532457302,Manhattan,106,26,2,5,14,73011,Turtle Bay - East Midtown,17,36061008603,86.03,None,73
6185,32644219,2008.0,None,4/16/2008,12,1.0,0.0,Y,03030,None,01,014,1.0,03,Y,01,1,1,1,1,09,2,ZZ,K,N3,None,None,4/16/2008 6:09:00 PM,NYC PD,1,011,1,N,4511659.49617,585452.923144,429080451.0,170848.0,12.0,7,2.0,N,326442192008,-73.9877309011,40.7514458563,Manhattan,105,26,2,3,14,75069,Midtown - Midtown South,14,36061010900,109,None,75
7848,32836886,2008.0,None,9/25/2008,01,1.0,0.0,Y,03030,None,01,105,1.0,03,Y,02,4,3,1,2,09,1,06,K,N4,None,None,9/25/2008 9:55:00 PM,NYC PD,1,011,3,Y,4502478.06,603120.88,506993067.0,231772.0,0.0,None,2.0,N,328368862008,-73.7799896461,40.6667267236,Queens,413,10,29,31,6,31080,SpringfieldGrdns S-Brookvi,105,36081030600,306,None,31
8142,32570830,2008.0,None,2/28/2008,12,1.0,0.0,Y,03030,None,01,110,2.0,03,Y,ZZ,1,1,Z,1,09,Z,ZZ,K,N4,None,None,2/28/2008 3:45:00 PM,NYC PD,1,011,1,N,4509976.36889,594919.376776,435473281.0,205048.0,12.0,7,2.0,N,325708302008,-73.8758670061,40.7352481678,Queens,404,16,24,25,5,35059,Elmhurst,110,36081047500,475,None,35
8187,32877532,2008.0,None,10/21/2008,12,1.0,0.0,Y,03030,None,99,114,2.0,03,Y,02,4,1,1,1,09,1,ZZ,K,N4,None,None,10/21/2008 1:00:00 AM,NYC PD,1,011,1,Y,4514461.16,591538.4,437000034.0,194229.0,0.0,None,2.0,N,328775322008,-73.9152445543,40.7760256895,Queens,401,12,30,22,14,36026,Steinway,114,36081009700,97,None,36
8559,33035452,2009.0,None,3/9/2009,01,1.0,0.0,Y,03030,None,01,070,1.0,03,Y,02,4,2,1,1,09,1,ZZ,K,N2,None,None,3/9/2009 10:13:00 PM,NYC PD,1,011,1,N,4500398.39,587740.22,442486651.0,186409.0,80.58185,3,2.0,N,330354522009,-73.9622155301,40.649773749,Brooklyn,314,20,22,40,11,42071,Flatbush,70,36047051002,510.02,None,42
8592,32907494,2008.0,None,12/26/2008,12,1.0,0.0,Y,03030,None,01,071,1.0,03,Y,ZZ,4,2,1,1,09,1,02,K,N2,None,None,12/26/2008 11:10:00 PM,NYC PD,1,011,1,Y,4501721.01,589612.91,436995379.0,187163.0,0.00041195,5,2.0,N,329074942008,-73.9398805324,40.6614857195,Brooklyn,309,20,17,41,11,43051,Prospect-LeffertsGrdn-Wing,71,36047087401,874.01,None,43
11590,32581009,2008.0,None,3/19/2008,12,1.0,1.0,Y,03030,None,01,108,1.0,03,Y,02,4,1,2,1,09,1,06,KC,N4,None,None,3/19/2008 12:30:00 AM,NYC PD,1,011,1,Y,4509904.42002,592880.610112,442496636.0,193075.0,0.0,None,2.0,N,325810092008,-73.9000185343,40.7348327368,Queens,405,15,24,26,7,30078,Maspeth,104,36081051500,515,None,30
11890,32814359,2008.0,None,8/25/2008,12,1.0,0.0,Y,03030,None,01,105,1.0,03,Y,02,1,2,1,1,09,Z,ZZ,K,N4,None,None,8/25/2008 1:02:00 PM,NYC PD,1,011,1,Y,4510268.77,608603.4,514932615.0,273937.0,0.0,None,2.0,N,328143592008,-73.7137926685,40.7361897383,Queens,413,11,26,23,6,33001,Bellerose,105,36081157101,1571.01,None,33
13509,33132330,2009.0,None,6/30/2009,12,1.0,0.0,Y,03030,None,01,066,1.0,03,Y,01,1,0,1,1,09,1,05,K,N2,None,None,6/30/2009 5:18:00 PM,NYC PD,1,011,1,N,4496989.325,586701.4797,441798693.0,175678.0,194.0,5,2.0,N,331323302009,-73.9749695242,40.619176815,Brooklyn,312,27,21,44,8,48083,Ocean Parkway South,66,36047044800,448,None,48
13779,33395639,2009.0,None,12/13/2009,12,1.0,0.0,Y,03030,None,01,094,1.0,03,Y,01,1,3,1,2,09,1,05,K,N2,None,None,12/13/2009 12:10:00 PM,NYC PD,1,011,3,N,4508719.02,588821.59,442493856.0,191148.0,141.0,1,2.0,N,333956392009,-73.9482495277,40.724603747,Brooklyn,301,17,14,33,12,50086,Greenpoint,94,36047057100,571,None,50
14447,33209279,2009.0,None,8/27/2009,12,1.0,0.0,Y,03030,None,01,090,1.0,03,Y,02,1,2,1,1,09,1,ZZ,K,N2,None,None,8/27/2009 8:20:00 AM,NYC PD,1,011,1,Y,4506450.5,589662.57,437986736.0,424215.0,0.0,1,2.0,N,332092792009,-73.9386175536,40.7040797225,Brooklyn,301,17,14,34,12,53055,Bushwick South,90,36047048900,489,None,53
14547,33054784,2009.0,None,5/28/2009,12,1.0,0.0,Y,03030,None,01,090,1.0,03,Y,02,1,2,1,2,09,1,05,K,N2,None,None,5/28/2009 8:15:00 AM,NYC PD,1,011,3,Y,4506708.38,590228.23,438155292.0,189566.0,0.0,3,2.0,N,330547842009,-73.9318855457,40.7063407281,Brooklyn,301,17,32,34,12,53011,Bushwick North,90,36047045300,453,None,53
14653,33274810,2009.0,None,9/18/2009,12,2.0,0.0,Y,03030,None,01,088,2.0,03,Y,20,4,1,1,1,09,1,04,KK,N2,None,None,9/18/2009 10:28:00 PM,NYC PD,1,011,1,Y,4504498.09,587412.25,437969965.0,424383.0,0.0,5,2.0,N,332748102009,-73.9655236024,40.6867357163,Brooklyn,302,18,13,35,10,57059,Clinton Hill,88,36047019900,199,None,57
14827,33132331,2009.0,None,6/27/2009,12,1.0,0.0,Y,03030,None,01,078,1.0,03,Y,02,1,1,1,1,09,1,02,K,N2,None,None,6/27/2009 8:27:00 AM,NYC PD,1,011,1,Y,4503973.74,586482.81,437971433.0,168944.0,0.0,7,2.0,N,331323312009,-73.9765935745,40.6821107695,Brooklyn,306,18,13,33,11,57047,Park Slope - Gowanus,78,36047012902,129.02,None,57
18046,32745949,2008.0,None,7/15/2008,12,1.0,0.0,Y,03030,None,01,044,1.0,03,Y,20,1,1,1,1,09,1,07,K,N1,None,None,7/15/2008 3:16:00 PM,NYC PD,1,011,1,Y,4520541.95,591037.03,437945284.0,195538.0,0.0,None,2.0,N,327459492008,-73.9202976084,40.8308507143,The Bronx,204,36,9,16,16,77072,EastConcourse - ConcourseVillage,44,36005018301,183.01,Bronx DPHO,77
18320,32936755,2008.0,None,12/13/2008,12,1.0,0.0,Y,03030,None,01,042,1.0,03,Y,02,4,1,1,1,09,1,01,K,N1,None,None,12/13/2008 3:17:00 AM,NYC PD,1,011,1,Y,4520579.28,592256.0,437946409.0,436834.0,0.0,None,2.0,N,329367552008,-73.9058375734,40.8310507455,The Bronx,203,36,9,16,16,79050,Claremont - Bathgate,42,36005014500,145,Bronx DPHO,79
18605,33103907,2009.0,None,8/14/2009,12,1.0,1.0,Y,03030,None,01,108,1.0,03,Y,02,1,1,1,1,09,1,02,KC,N4,None,None,8/14/2009 6:25:00 PM,NYC PD,1,011,1,Y,4510489.62,593224.74,442499440.0,193258.0,0.00042566,7,2.0,N,331039072009,-73.8958565885,40.7400647091,Queens,402,12,24,26,7,34054,Elmhurst - Maspeth,108,36081048900,489,None,34
18957,33209276,2009.0,None,8/8/2009,12,1.0,1.0,Y,03030,None,99,114,5.0,03,Y,01,1,1,1,1,09,2,13,KC,N4,None,None,8/8/2009 6:10:00 PM,NYC PD,1,011,1,N,4512849.68763,589886.048799,437952551.0,181098.0,47.0,N,2.0,N,332092762009,-73.9350538591,40.7616934797,Queens,401,12,30,26,14,37009,Astoria,114,36081004700,47,None,37
19623,32905811,2008.0,None,11/18/2008,12,1.0,0.0,Y,03030,None,01,041,1.0,03,Y,01,4,2,2,1,09,Z,05,K,N1,None,None,11/18/2008 6:25:00 AM,NYC PD,1,011,1,Y,4518376.08,593335.77,436984471.0,194599.0,0.0,None,2.0,N,329058112008,-73.8933636093,40.8110847338,The Bronx,202,32,8,17,16,84084,Hunts Point,41,36005009300,93,Bronx DPHO,84
20677,33077482,2009.0,None,5/6/2009,12,1.0,0.0,Y,03030,None,01,102,1.0,03,Y,01,1,1,1,1,09,1,ZZ,K,N4,None,None,5/6/2009 2:30:00 PM,NYC PD,1,011,3,Y,4506104.72,598746.39,435430633.0,218819.0,0.00010464,1,2.0,N,330774822009,-73.8311625988,40.6999267259,Queens,409,10,27,29,6,25065,Richmond Hill,102,36081012200,122,None,25
22459,32576137,2008.0,None,1/24/2008,12,1.0,0.0,Y,03030,None,01,083,1.0,03,Y,01,4,2,1,1,09,2,05,K,N2,None,None,1/24/2008 6:26:00 PM,NYC PD,1,011,1,Y,4506480.34988,590402.690098,438159820.0,189502.0,0.0,None,2.0,N,325761372008,-73.9298535265,40.7042677066,Brooklyn,304,17,32,34,12,53065,Bushwick North,83,36047042700,427,Brooklyn DPHO,53
24964,33089711,2009.0,None,5/12/2009,12,1.0,0.0,Y,03030,None,99,109,1.0,03,Y,03,1,1,1,1,09,1,04,K,N4,None,None,5/12/2009 2:00:00 PM,NYC PD,1,005,1,Y,4512202.25,599857.46,437972535.0,440484.0,0.0,5,2.0,N,330897112009,-73.8170415859,40.7547117142,Queens,407,11,25,20,5,22042,East Flushing,109,36081120100,1201,None,22
26071,30595309,2003.0,None,7/30/2003,04,1.0,0.0,Y,03030,None,01,034,1.0,03,Y,01,4,1,1,1,09,2,13,K,N3, 1714, 1715,7/30/2003 12:03:00 AM,NYC PD,1,000,3,None,4524656.8548,590974.215339,437951461.0,208470.0,61.2992,7,22.0,N,305953092003,-73.9204410508,40.8679201041,Manhattan,112,31,6,7,15,71084,Marble Hill - Inwood,34,36061030300,303,None,71
28875,30627201,2003.0,None,8/23/2003,04,1.0,0.0,Y,03030,None,01,062,1.0,03,Y,01,4,1,1,1,09,2,04,K,N2, 7290,11002,8/23/2003 8:48:00 PM,NYC PD,1,000,1,None,4496378.54475,584643.794674,435439000.0,175031.0,31.7226,1,22.0,N,306272012003,-73.9993750382,40.6138885691,Brooklyn,311,22,20,43,13,49038,Bensonhurst West,62,36047026400,264,None,49
28986,30627176,2003.0,None,8/15/2003,04,1.0,1.0,Y,03030,None,01,094,1.0,03,Y,01,4,1,1,1,09,1,04,KC,N2,22459,22536,8/15/2003 8:40:00 PM,NYC PD,1,000,3,None,4508123.17704,588876.236057,435460268.0,191066.0,71.1021,7,22.0,N,306271762003,-73.9476870934,40.7192310019,Brooklyn,301,17,14,33,12,50085,Greenpoint,94,36047049900,499,None,50
29183,30734604,2003.0,None,6/20/2003,04,1.0,0.0,Y,03030,None,01,076,1.0,03,Y,02,1,2,1,1,09,1,03,K,N2,16348,None,6/20/2003 5:00:00 PM,NYC PD,1,000,1,Y,4504233.0,584246.0,437971096.0,169000.0,32.87502548,1,21.0,N,307346042003,-74.0030244708,40.6846775995,Brooklyn,306,25,15,39,12,52072,CarrollGrdns-Columbia-RedHook,76,36047005100,51,None,52
29184,30810147,2003.0,278IX2M24068,9/26/2003,11,1.0,0.0,Y,03030,None,01,076,1.0,03,Y,01,4,2,1,1,09,2,05,K,N2,None,None,9/26/2003 3:45:00 AM,NYC PD,1,000,1,N,4504258.94147,584409.377339,437973320.0,428046.0,410.7445,1,24.0,N,308101472003,-74.0010878409,40.6848945526,Brooklyn,306,25,15,39,12,52101,CarrollGrdns-Columbia-RedHook,76,36047005100,51,None,52
30761,30817268,2003.0,None,10/28/2003,04,1.0,0.0,Y,03030,None,01,018,1.0,03,Y,02,4,3,1,2,09,1,02,K,N3, 9560,None,10/28/2003 8:20:00 PM,NYC PD,1,000,1,Y,4513606.46,585036.81,514934614.0,171653.0,None,None,21.0,N,308172682003,-73.9923946089,40.7690257074,Manhattan,104,29,2,6,8,67010,Clinton,18,36061013500,135,None,67
31223,30597102,2003.0,None,7/22/2003,04,1.0,0.0,Y,03030,None,01,017,1.0,03,Y,02,1,3,1,2,09,1,13,K,N3,10746,None,7/22/2003 5:08:00 PM,NYC PD,1,000,2,Y,4512406.85,587259.15,429085371.0,171023.0,None,None,21.0,N,305971022003,-73.9662335151,40.7579877532,Manhattan,106,26,2,5,14,73022,Turtle Bay - East Midtown,17,36061010800,108,None,73
31247,30594872,2003.0,None,7/30/2003,04,1.0,0.0,Y,03030,None,01,019,1.0,03,Y,02,1,1,1,1,09,1,05,K,N3,10645,10694,7/30/2003 9:30:00 AM,NYC PD,1,000,3,None,4512911.90447,587186.483734,430681285.0,427014.0,67.5071,3,22.0,N,305948722003,-73.9670238366,40.7625445601,Manhattan,108,26,2,4,14,73037,UpperEastSide - CarnegieHill,19,36061011402,114.02,None,73
31754,30679627,2003.0,None,10/3/2003,04,1.0,0.0,Y,03030,None,01,019,1.0,03,Y,01,4,1,1,1,09,1,13,K,N3,10559,10605,10/3/2003 8:00:00 AM,NYC PD,1,000,3,None,4512947.8239,586945.621821,429087206.0,171546.0,5.9997,3,22.0,N,306796272003,-73.9698721023,40.7628935968,Manhattan,105,26,2,4,14,75126,Midtown - Midtown South,18,36061011202,112.02,None,75
32302,30970026,2004.0,None,3/29/2004,04,1.0,0.0,Y,03030,None,01,043,1.0,03,Y,01,4,1,1,1,09,2,13,K,N1, 5572, 5573,3/29/2004 7:40:00 PM,NYC PD,1,000,3,None,4520879.45323,595877.827326,503223789.0,206756.0,37.8944,5,22.0,N,309700262004,-73.8628442397,40.8333389686,The Bronx,209,32,12,18,7,76050,West Farms - Bronx River,43,36005007600,76,None,76
33096,30804184,2003.0,None,11/19/2003,04,1.0,0.0,Y,03030,None,01,114,1.0,03,Y,02,4,1,1,1,09,1,02,K,N4,11596,None,11/19/2003 1:40:00 AM,NYC PD,1,000,1,Y,4511937.07,591128.55,514593197.0,193665.0,None,None,21.0,N,308041842003,-73.9204685246,40.753336752,Queens,401,12,30,26,14,30055,Astoria,114,36081015900,159,None,30
35307,31219229,2004.0,None,5/30/2004,04,1.0,0.0,Y,03030,None,01,005,1.0,03,Y,02,4,1,1,1,09,1,06,K,N3,27795,None,5/30/2004 10:01:00 PM,NYC PD,1,000,1,Y,4507980.44,584415.4,433981699.0,169955.0,None,None,21.0,N,312192292004,-74.0005156014,40.7184147083,Manhattan,101,25,2,1,12,64063,SoHo-Tribeca-CivcCentr-LittleItaly,5,36061003100,31,None,64
37142,30555243,2003.0,None,6/17/2003,04,1.0,0.0,Y,03030,None,01,114,1.0,03,Y,02,4,2,1,1,09,1,ZZ,K,N4,11709,None,6/17/2003 9:00:00 PM,NYC PD,1,000,1,Y,4511912.52,591999.23,514593180.0,193651.0,None,None,21.0,N,305552432003,-73.9101596296,40.7530187011,Queens,401,12,30,26,14,30025,Woodside,114,36081029500,295,None,30
37327,30709535,2003.0,None,11/15/2003,04,1.0,1.0,Y,03030,None,01,113,2.0,03,Y,03,4,1,1,1,09,1,03,KA,N4,31235,31256,11/15/2003 4:50:00 PM,NYC PD,1,000,1,None,4504526.73994,603314.178427,435422911.0,232107.0,62.7707,5,22.0,N,307095352003,-73.777366171,40.6851543649,Queens,412,10,28,27,6,32029,Baisley Park,113,36081028400,284,None,32
38654,30940546,2003.0,None,5/9/2003,12,1.0,0.0,Y,03030,None,01,066,1.0,03,Y,01,1,2,1,2,09,1,ZZ,K,N2, 1127,None,5/9/2003 5:20:00 PM,NYC PD,1,000,1,Y,4497745.33,587022.06,514939542.0,175785.0,0.0,S,2.0,N,309405462003,-73.9710755448,40.6259527358,Brooklyn,312,27,21,44,9,48016,Ocean Parkway South,66,36047046202,462.02,None,48
38811,30970036,2004.0,None,5/19/2004,04,1.0,0.0,Y,03030,None,01,062,1.0,03,Y,02,4,1,1,1,09,1,02,K,N2, 7349,None,5/19/2004 10:00:00 PM,NYC PD,1,000,1,Y,4496045.46,585291.65,436983353.0,174964.0,None,None,21.0,N,309700362004,-73.991762592,40.6108217237,Brooklyn,311,22,20,44,8,49075,Bensonhurst West,62,36047026800,268,None,49
41746,31419177,2004.0,None,11/18/2004,04,1.0,0.0,Y,03030,None,01,018,1.0,03,Y,ZZ,Z,Z,Z,Z,09,1,07,K,N3, 9666, 9667,11/18/2004 10:41:00 AM,NYC PD,1,000,1,None,4512757.52915,585520.244762,429080097.0,171499.0,38.1944,1,22.0,N,314191772004,-73.9867833729,40.7613290701,Manhattan,105,26,2,3,8,75087,Midtown - Midtown South,18,36061012500,125,None,75
43012,31238006,2004.0,None,7/31/2004,04,1.0,2.0,Y,03030,None,01,102,1.0,03,Y,02,4,1,1,1,09,1,02,KCC,N4,31769,None,7/31/2004 2:15:00 AM,NYC PD,1,000,3,Y,4504463.0,598476.0,435460020.0,218438.0,34.88525476,7,21.0,N,312380062004,-73.8346201951,40.6851723559,Queens,410,15,27,32,6,38006,South Ozone Park,106,36081009800,98,None,38
43016,31022159,2004.0,None,5/3/2004,04,1.0,1.0,Y,03030,None,01,106,1.0,03,Y,03,1,3,1,2,09,1,ZZ,KC,N4,31577,31758,5/3/2004 1:20:00 PM,NYC PD,1,000,1,None,4503677.99291,599057.975121,506992274.0,443463.0,58.5227,1,22.0,N,310221592004,-73.8278582697,40.6780321991,Queens,410,15,27,32,6,38003,South Ozone Park,106,36081010000,100,None,38
43098,31307734,2004.0,None,9/11/2004,04,1.0,0.0,Y,03030,None,01,102,1.0,03,Y,01,4,1,1,1,09,1,07,K,N4,37992,None,9/11/2004 12:05:00 AM,NYC PD,1,000,1,Y,4504813.26,597342.3,435464078.0,438324.0,None,None,21.0,N,313077342004,-73.8479796264,40.6884617479,Queens,409,15,27,30,9,38015,Woodhaven,102,36081002000,20,None,38
44485,31144008,2004.0,None,3/15/2004,04,1.0,0.0,Y,03030,None,01,067,1.0,03,Y,01,4,1,1,1,09,2,04,K,N2, 2402, 2403,3/15/2004 10:45:00 PM,NYC PD,1,000,1,None,4499802.55211,590141.581742,435475712.0,185715.0,35.7081,7,22.0,N,311440082004,-73.9339024892,40.6441481662,Brooklyn,317,21,18,45,10,58021,East Flatbush - Farragut,67,36047083800,838,None,58
44976,30679701,2003.0,None,10/27/2003,04,1.0,0.0,Y,03030,None,01,023,1.0,03,Y,02,1,3,1,2,09,1,02,K,N3,10132,None,10/27/2003 2:00:00 PM,NYC PD,1,000,1,Y,4516481.99,589455.36,437964131.0,181585.0,None,None,21.0,N,306797012003,-73.9396355527,40.7944567417,Manhattan,111,28,4,8,15,68049,East Harlem North,23,36061018000,180,East and Central Harlem DPHO,68
45186,30399832,2003.0,None,1/2/2003,04,1.0,0.0,Y,03030,None,01,025,1.0,03,Y,02,4,5,1,2,09,1,ZZ,K,N3,10056,10095,1/2/2003 9:55:00 PM,NYC PD,1,000,3,None,4516905.98413,589347.778086,442493712.0,432576.0,73.6895,3,22.0,N,303998322003,-73.9408498726,40.7982873729,Manhattan,111,28,4,8,15,68081,East Harlem North,25,36061018200,182,East and Central Harlem DPHO,68
45206,30428678,2003.0,None,1/11/2003,04,1.0,0.0,Y,03030,None,01,023,1.0,03,Y,01,4,1,1,1,09,2,05,K,N3,10069,10070,1/11/2003 10:30:00 PM,NYC PD,1,000,1,None,4515835.57985,588686.658401,429078794.0,181507.0,40.4285,1,22.0,N,304286782003,-73.9488377539,40.7887178645,Manhattan,111,28,4,8,15,68017,East Harlem South,23,36061016600,166,East and Central Harlem DPHO,68
46848,31716399,2005.0,None,10/29/2005,04,1.0,0.0,Y,03030,None,01,042,2.0,03,Y,02,4,2,2,1,09,1,02,K,N1, 2566,None,10/29/2005 6:36:00 PM,NYC PD,1,000,1,Y,4520579.28,592256.0,437946500.0,436834.0,None,None,21.0,N,317163992005,-73.9058375734,40.8310507455,The Bronx,203,36,9,16,16,79050,Claremont - Bathgate,42,36005014500,145,Bronx DPHO,79
47229,31011710,2004.0,None,2/18/2004,04,1.0,0.0,Y,03030,None,01,075,2.0,03,Y,01,4,1,1,1,09,2,13,K,N2, 3577, 3955,2/18/2004 7:10:00 PM,NYC PD,1,000,1,None,4501612.82736,593101.18845,436995748.0,199320.0,77.6968,1,22.0,N,310117102004,-73.8986374605,40.6601250959,Brooklyn,305,19,19,42,10,40052,East New York (part B),75,36047113200,1132,Brooklyn DPHO,40
48943,30804186,2003.0,None,9/4/2003,04,1.0,0.0,Y,03030,None,01,041,1.0,03,Y,02,3,2,1,1,09,1,02,K,N1,10431,None,9/4/2003 9:30:00 PM,NYC PD,1,000,3,Y,4518424.85,593575.24,436984477.0,435901.0,None,None,21.0,N,308041862003,-73.8905175249,40.8114967322,The Bronx,202,32,8,17,16,84084,Hunts Point,41,36005009300,93,Bronx DPHO,84
49110,31332129,2004.0,None,10/2/2004,04,1.0,0.0,Y,03030,None,01,040,2.0,03,Y,02,1,2,1,1,09,1,05,K,N1,10317,None,10/2/2004 11:38:00 AM,NYC PD,1,000,1,Y,4518494.74,592397.17,438372007.0,194621.0,None,None,21.0,N,313321292004,-73.9044725816,40.812259682,The Bronx,201,32,7,17,16,84069,Mott Haven - Port Morris,40,36005003100,31,Bronx DPHO,84
49243,31368721,2004.0,None,8/2/2004,04,1.0,0.0,Y,03030,None,01,041,1.0,03,Y,03,1,1,1,1,09,1,13,K,N1, 4300, 4329,8/2/2004 10:00:00 AM,NYC PD,1,000,3,None,4518782.63352,593310.118049,436984524.0,436181.0,43.95,3,22.0,N,313687212004,-73.8936068643,40.8147494152,The Bronx,202,32,8,17,16,84080,Hunts Point,41,36005009300,93,Bronx DPHO,84
49503,31743713,2005.0,None,10/4/2005,04,1.0,0.0,Y,03030,None,01,041,1.0,03,Y,02,4,1,1,1,09,1,02,K,N1, 4406,None,10/4/2005 9:40:00 PM,NYC PD,1,000,1,Y,4519402.29,593537.47,436994008.0,194839.0,None,None,21.0,N,317437132005,-73.8908186317,40.8203046771,The Bronx,202,32,8,17,16,85057,Hunts Point,41,36005011502,115.02,Bronx DPHO,85
50320,31525610,2005.0,None,7/14/2005,04,1.0,0.0,Y,03030,None,01,007,1.0,03,Y,02,1,1,1,1,09,1,02,K,N3,22192,None,7/14/2005 2:04:00 PM,NYC PD,1,000,1,Y,4508275.43,585559.38,429081937.0,170047.0,None,None,21.0,N,315256102005,-73.9869325369,40.7209536972,Manhattan,103,25,1,1,14,64058,Chinatown,7,36061003001,30.01,None,64
50325,31553873,2005.0,None,5/8/2005,04,1.0,0.0,Y,03030,None,01,009,1.0,03,Y,02,4,1,1,1,09,1,ZZ,K,N3,21966,None,5/8/2005 11:55:00 PM,NYC PD,1,000,3,Y,4508406.45,585608.04,429081855.0,425550.0,None,None,21.0,N,315538732005,-73.9863385594,40.7221287707,Manhattan,103,25,1,1,14,64052,Chinatown,7,36061003001,30.01,None,64
50793,31572319,2005.0,None,6/22/2005,04,1.0,0.0,Y,03030,None,01,009,1.0,03,Y,02,1,1,1,1,09,1,05,K,N3,21981,None,6/22/2005 10:23:00 AM,NYC PD,1,000,3,Y,4508643.29,585002.65,447794985.0,425578.0,None,None,21.0,N,315723192005,-73.9934736086,40.7243247758,Manhattan,102,25,2,1,8,66021,SoHo-Tribeca-CivcCentr-LittleItaly,5,36061004300,43,None,66
52437,31219529,2004.0,495IX5M13120,7/1/2004,11,1.0,0.0,Y,03030,None,01,111,1.0,03,Y,01,1,1,2,1,09,1,03,K,N4,None,None,7/1/2004 1:30:00 PM,NYC PD,1,000,1,N,4511858.3834,605585.531471,437945614.0,260270.0,14.2561,3,24.0,N,312195292004,-73.7492572849,40.7508992832,Queens,411,16,26,23,5,24063,Oakland Gardens,111,36081137700,1377,None,24
52811,31035041,2004.0,None,6/30/2004,04,1.0,0.0,Y,03030,None,01,106,1.0,03,Y,02,1,1,2,1,09,1,02,K,N4,30357,None,6/30/2004 3:30:00 PM,NYC PD,1,000,1,Y,4504721.16,600767.06,437981983.0,218488.0,None,None,21.0,N,310350412004,-73.8074715599,40.6872207109,Queens,412,10,28,28,6,32069,South Ozone Park,103,36081019400,194,None,32
53010,31276478,2004.0,None,8/6/2004,04,1.0,0.0,Y,03030,None,01,105,1.0,03,Y,01,4,1,3,1,09,2,12,K,N4,46049,46241,8/6/2004 7:58:00 PM,NYC PD,1,000,1,None,4506675.72854,606509.036014,438161226.0,265723.0,81.7204,3,22.0,N,312764782004,-73.7392015676,40.7041027614,Queens,413,14,29,27,6,33062,Queens Village,105,36081058200,582,None,33
53919,31406073,2005.0,None,1/3/2005,04,1.0,0.0,Y,03030,None,01,066,1.0,03,Y,02,4,3,1,2,09,1,ZZ,K,N2, 1408, 1419,1/3/2005 6:20:00 PM,NYC PD,1,000,3,None,4498038.92122,585932.549843,437976076.0,176362.0,38.3619,5,22.0,N,314060732005,-73.983915565,40.6287112737,Brooklyn,312,21,20,44,8,48022,Borough Park,66,36047047400,474,None,48
53946,31469319,2005.0,None,3/30/2005,04,1.0,0.0,Y,03030,None,01,068,1.0,03,Y,02,1,1,1,1,09,1,01,K,N2,15679,None,3/30/2005 2:35:00 PM,NYC PD,1,000,3,Y,4497930.83,582858.35,436991939.0,158967.0,None,None,21.0,N,314693192005,-74.0202745665,40.628051718,Brooklyn,310,22,20,43,13,48078,Bay Ridge,68,36047013400,134,None,48
54158,31627737,2005.0,None,9/23/2005,12,1.0,0.0,Y,03030,None,01,094,1.0,03,Y,02,4,1,1,1,09,1,01,K,N2,21278,None,9/23/2005 9:30:00 PM,NYC PD,1,000,3,Y,4509439.13,588507.4,437967921.0,191962.0,0.0,3,2.0,N,316277372005,-73.9518675297,40.7311237238,Brooklyn,301,17,14,33,12,50099,Greenpoint,94,36047057500,575,None,50
54190,31550275,2005.0,None,5/27/2005,04,1.0,0.0,Y,03030,None,01,094,1.0,03,Y,01,4,1,1,1,09,1,05,K,N2,23604,None,5/27/2005 11:25:00 PM,NYC PD,1,000,1,Y,4507542.8,588548.36,435459155.0,424324.0,None,None,21.0,N,315502752005,-73.9516506026,40.7140387706,Brooklyn,301,17,14,34,12,50080,North Side - South Side,90,36047051300,513,None,50
54495,31574926,2005.0,None,6/9/2005,04,1.0,0.0,Y,03030,None,01,078,2.0,03,Y,02,1,1,1,1,09,1,05,K,N2, 5481,None,6/9/2005 8:53:00 AM,NYC PD,1,000,3,Y,4503765.91,586378.48,437972476.0,179399.0,None,None,21.0,N,315749262005,-73.9778565875,40.6802497187,Brooklyn,306,18,13,33,11,52051,Park Slope - Gowanus,78,36047012902,129.02,None,52
54970,31716522,2005.0,None,9/16/2005,04,1.0,0.0,Y,03030,None,01,001,1.0,03,Y,01,1,2,1,1,09,2,05,K,N3,27653,27654,9/16/2005 9:42:00 AM,NYC PD,1,000,1,None,4506419.75681,583763.157774,437973043.0,169567.0,36.4422,3,22.0,N,317165222005,-74.0084456509,40.7044237117,Manhattan,101,25,2,1,8,64096,BatteryParkCity-LowerManhattan,1,36061000700,7,None,64
55427,31607757,2005.0,None,9/5/2005,04,1.0,0.0,Y,03030,None,01,026,1.0,03,Y,02,1,1,2,1,09,1,02,K,N3, 9481,None,9/5/2005 1:10:00 PM,NYC PD,1,000,1,Y,4517984.78,587165.65,443579626.0,171812.0,None,None,21.0,N,316077572005,-73.9665625212,40.808238697,Manhattan,109,31,3,9,15,69075,park_cemetery_etc_MN,26,36061020500,205,None,69
55968,31743727,2005.0,None,9/22/2005,04,1.0,0.0,Y,03030,None,01,017,1.0,03,Y,ZZ,Z,Z,Z,Z,09,Z,ZZ,K,N3,10694,10695,9/22/2005 9:08:00 PM,NYC PD,1,000,3,None,4512834.16934,587244.163651,429085385.0,171514.0,38.4569,1,22.0,N,317437272005,-73.9663514051,40.7618382694,Manhattan,108,26,2,4,14,73036,Lenox Hill - Roosevelt Island,19,36061011000,110,None,73
57358,31987479,2006.0,None,9/17/2006,04,1.0,0.0,Y,03030,None,01,047,1.0,03,Y,03,4,1,2,1,09,1,13,K,N1,42240,None,9/17/2006 10:35:00 PM,NYC PD,1,000,1,Y,4527474.89,596687.1,435454819.0,207853.0,None,None,21.0,N,319874792006,-73.8522225466,40.8926467071,The Bronx,212,36,11,12,17,83074,Woodlawn - Wakefield,47,36005043000,430,None,83
57384,31596839,2005.0,None,9/24/2005,04,1.0,0.0,Y,03030,None,01,100,1.0,03,Y,01,4,1,1,1,09,2,05,K,N4, 1746, 1747,9/24/2005 7:09:00 PM,NYC PD,1,000,1,None,4493530.54261,601107.694169,435436841.0,231123.0,6.1707,1,22.0,N,315968392005,-73.8052395852,40.5863868992,Queens,414,14,27,32,6,23066,Hammels-Arverne-Edgemere,100,36081094203,942.03,None,23
57627,31569024,2005.0,None,4/29/2005,04,1.0,0.0,Y,03030,None,01,113,1.0,03,Y,01,4,1,1,1,09,1,05,K,N4,31373,None,4/29/2005 8:20:00 PM,NYC PD,1,000,1,Y,4503714.46,602155.48,435438225.0,231860.0,None,None,21.0,N,315690242005,-73.7912076125,40.6779827656,Queens,412,10,27,28,6,32059,Baisley Park,113,36081018402,184.02,None,32
57661,31407558,2005.0,295IX5M11000,2/15/2005,11,1.0,0.0,Y,03030,00,01,105,1.0,03,Y,02,1,1,1,1,09,1,01,K,N4,None,None,2/15/2005 8:43:00 AM,NYC PD,1,003,3,N,4508946.01987,605213.430351,508536115.0,257719.0,0.6639,7,24.0,N,314075582005,-73.7541536294,40.7247167221,Queens,408,11,29,23,5,33015,Queens Village,107,36081055200,552,None,33
60163,31553875,2005.0,None,4/26/2005,12,1.0,0.0,Y,03030,None,01,123,1.0,03,Y,01,3,1,1,1,09,2,05,K,N5, 3971, 3972,4/26/2005 7:20:00 PM,NYC PD,1,000,1,None,4486546.82118,570176.12112,514936442.0,414818.0,184.077,3,22.0,N,315538752005,-74.1714800595,40.5266798357,Staten Island,503,24,31,51,13,62053,Annadale-Huguent-PrincesBy-Eltingvl,123,36085017600,176,None,62
60460,31854470,2006.0,None,4/18/2006,04,1.0,0.0,Y,03030,None,01,005,1.0,03,Y,01,1,1,1,1,09,1,ZZ,K,N3,22119,22120,4/18/2006 3:18:00 PM,NYC PD,1,000,3,None,4507880.50406,584955.26256,429082298.0,169910.0,61.3838,1,22.0,N,318544702006,-73.9941380856,40.7174590381,Manhattan,103,25,2,1,12,64033,Chinatown,5,36061001600,16,None,64
60627,31931301,2006.0,None,6/26/2006,04,1.0,0.0,Y,03030,None,01,006,1.0,03,Y,13,1,3,1,2,09,1,13,K,N3,27805,None,6/26/2006 9:25:00 AM,NYC PD,1,000,3,Y,4508932.08,584460.99,429086381.0,425605.0,None,None,21.0,N,319313012006,-73.9998475803,40.726981737,Manhattan,102,29,2,1,8,66026,West Village,6,36061005501,55.01,None,66
60802,32144018,2006.0,None,12/1/2006,04,1.0,1.0,Y,03030,None,01,006,1.0,03,Y,01,4,2,1,2,09,2,14,KB,N3,27762,None,12/1/2006 8:00:00 PM,NYC PD,1,000,1,Y,4509235.41,583561.03,442475474.0,159600.0,None,None,21.0,N,321440182006,-74.0104625228,40.7298057676,Manhattan,102,29,2,3,8,66014,West Village,6,36061006900,69,None,66
61717,32025199,2006.0,None,9/15/2006,04,1.0,0.0,Y,03030,None,01,013,1.0,03,Y,01,4,3,1,2,09,1,06,K,N3,21755,None,9/15/2006 8:08:00 PM,NYC PD,1,000,3,Y,4509856.19,585638.76,429081122.0,170469.0,None,None,21.0,N,320251992006,-73.9857766111,40.7351837443,Manhattan,106,29,2,2,14,74055,Gramercy,13,36061004800,48,None,74
62081,31959683,2006.0,None,8/10/2006,04,1.0,1.0,Y,03030,None,01,010,1.0,03,Y,02,1,1,1,1,09,1,ZZ,KC,N3, 9761,None,8/10/2006 9:52:00 AM,NYC PD,1,000,3,Y,4511513.55,584539.32,442475215.0,170821.0,None,None,21.0,N,319596832006,-73.9985714994,40.7502256896,Manhattan,104,29,2,3,8,75046,HudsnYds-Chelsea-Flatirn-UnionSq,10,36061009700,97,None,75
64551,32010058,2006.0,None,8/9/2006,04,1.0,0.0,Y,03030,None,01,090,1.0,03,Y,01,4,1,1,1,09,1,06,K,N2,23819,None,8/9/2006 11:29:00 PM,NYC PD,1,000,1,Y,4507102.07,587981.93,479389565.0,424274.0,None,None,21.0,N,320100582006,-73.9584175292,40.7101297318,Brooklyn,301,17,14,34,12,53021,North Side - South Side,90,36047052500,525,None,53
64929,31696145,2005.0,None,10/29/2005,04,1.0,0.0,Y,03030,None,01,109,1.0,03,Y,02,4,1,3,1,09,1,05,K,N4,13784,None,10/29/2005 11:15:00 PM,NYC PD,1,000,1,Y,4513063.98,598475.61,508535930.0,220223.0,None,None,21.0,N,316961452005,-73.8332726416,40.7626397118,Queens,407,16,25,20,5,22012,Flushing,109,36081086900,869,None,22
66290,31972262,2006.0,None,6/22/2006,04,1.0,0.0,Y,03030,None,01,010,2.0,03,Y,02,4,1,1,1,09,1,ZZ,K,N3, 9870, 9871,6/22/2006 11:30:00 PM,NYC PD,1,000,3,None,4512539.71721,584157.522594,512681394.0,426981.0,33.0294,1,22.0,N,319722622006,-74.0029554136,40.7595077904,Manhattan,104,29,2,3,8,75073,HudsnYds-Chelsea-Flatirn-UnionSq,10,36061009900,99,None,75
67033,32314716,2007.0,None,6/22/2007,04,1.0,0.0,Y,03030,None,01,049,2.0,03,Y,01,1,1,1,1,09,2,07,K,N1, 6061, 6062,6/22/2007 5:30:00 PM,NYC PD,1,000,1,None,4525176.69115,596962.444577,428865579.0,207680.0,40.9287,7,22.0,N,323147162007,-73.8493131431,40.8719151744,The Bronx,212,36,11,12,17,83019,Eastchester-Edenwald-Baychester,47,36005036400,364,None,83
69511,31959699,2006.0,None,8/1/2006,04,1.0,0.0,Y,03030,None,01,067,1.0,03,Y,02,4,2,1,1,09,1,02,K,N2, 2973,None,8/1/2006 8:47:00 PM,NYC PD,1,000,1,Y,4500929.83,591487.37,435460506.0,198466.0,None,None,21.0,N,319596992006,-73.9178246313,40.6541537301,Brooklyn,317,21,18,42,10,58067,Rugby - Remsen Village,67,36047088800,888,None,58
69568,31877611,2006.0,None,6/5/2006,04,1.0,0.0,Y,03030,None,01,069,1.0,03,Y,02,4,1,1,1,09,1,01,K,N2, 3084,None,6/5/2006 10:00:00 PM,NYC PD,1,000,3,Y,4500470.32,592359.6,515268257.0,197731.0,None,None,21.0,N,318776112006,-73.9075765988,40.6499177135,Brooklyn,318,19,18,42,10,58073,East New York (part A),69,36047109800,1098,None,58
69638,31913975,2006.0,None,8/20/2006,04,1.0,0.0,Y,03030,None,01,069,2.0,03,Y,01,1,1,1,1,09,1,05,K,N2, 3367,None,8/20/2006 4:50:00 PM,NYC PD,1,000,1,Y,4499015.05,593162.3,437001010.0,428792.0,None,None,21.0,N,319139752006,-73.8982995612,40.6367197098,Brooklyn,318,19,18,46,10,59016,Canarsie,69,36047100800,1008,None,59
69991,32445826,2007.0,None,11/16/2007,12,1.0,0.0,Y,03030,None,01,005,1.0,03,Y,01,4,1,2,1,09,2,13,K,N3,None,None,11/16/2007 11:50:00 PM,NYC PD,1,011,1,Y,4507677.66013,584860.229946,446521234.0,169859.0,0.0,None,2.0,N,324458262007,-73.9952905666,40.7156417607,Manhattan,103,25,2,1,12,64031,Chinatown,5,36061001600,16,None,64
70897,32010062,2006.0,None,11/30/2006,04,1.0,0.0,Y,03030,None,01,032,1.0,03,Y,02,4,2,1,1,09,1,ZZ,K,N3, 1335,None,11/30/2006 4:25:00 AM,NYC PD,1,000,3,Y,4519629.43,589225.75,429077533.0,433537.0,None,None,21.0,N,320100622006,-73.9419065496,40.8228307058,Manhattan,110,30,5,7,15,71001,CentrlHarlemNorth-PoloGrounds,32,36061023200,232,East and Central Harlem DPHO,71
71603,31743744,2005.0,None,4/23/2005,04,1.0,0.0,Y,03030,None,01,048,1.0,03,Y,ZZ,Z,Z,Z,Z,09,1,ZZ,K,N1, 2961,None,4/23/2005 11:55:00 AM,NYC PD,1,000,1,Y,4522897.03,592995.74,437003220.0,195342.0,None,None,21.0,N,317437442005,-73.8967196248,40.8518427502,The Bronx,206,33,10,15,16,79003,Claremont - Bathgate,48,36005039500,395,Bronx DPHO,79
72730,32084295,2006.0,None,11/9/2006,04,1.0,2.0,Y,03030,None,01,113,1.0,03,Y,01,4,1,1,1,09,2,ZZ,KCC,N4,39217,39218,11/9/2006 11:45:00 PM,NYC PD,1,000,1,None,4505385.48612,603573.789344,438383533.0,450483.0,37.7535,7,22.0,N,320842952006,-73.7741528296,40.6928562256,Queens,412,10,29,27,6,29022,St. Albans,113,36081043200,432,None,29
73371,32429003,2007.0,None,10/8/2007,12,1.0,0.0,Y,03030,None,01,090,2.0,03,Y,01,4,1,1,1,09,1,07,K,N2,None,None,10/8/2007 10:39:00 PM,NYC PD,1,011,1,Y,4507167.58992,587127.209855,437949177.0,424863.0,0.0,None,2.0,N,324290032007,-73.9685255208,40.710810734,Brooklyn,301,25,14,33,12,50059,North Side - South Side,90,36047054900,549,None,50
73412,32253785,2007.0,None,5/9/2007,04,1.0,0.0,Y,03030,None,01,094,1.0,03,Y,02,1,1,1,1,09,1,02,K,N2,21236,None,5/9/2007 11:11:00 AM,NYC PD,1,000,1,Y,4508719.02,588821.59,442493856.0,191169.0,None,None,21.0,N,322537852007,-73.9482495277,40.724603747,Brooklyn,301,17,14,33,12,50086,Greenpoint,94,36047057100,571,None,50
74135,32402223,2007.0,278IX1M54014,7/31/2007,XX,1.0,0.0,Y,03030,None,01,041,1.0,03,Y,02,1,1,1,1,09,1,05,K,N1,None,None,7/31/2007 4:18:00 PM,NYC PD,1,000,3,Y,4518602.33995,592902.710009,429075438.0,0.0,0.0,None,2.0,N,324022232007,-73.8984635678,40.8131717551,The Bronx,202,32,8,17,16,84079,Longwood,41,36005008300,83,Bronx DPHO,84
74252,32248430,2007.0,None,5/18/2007,04,1.0,6.0,Y,03030,None,01,040,1.0,03,Y,02,1,2,1,1,09,1,01,KCCCC,N1, 2226,None,5/18/2007 3:39:00 PM,NYC PD,1,000,3,Y,4519215.57,591373.98,436987135.0,194797.0,None,None,21.0,N,322484302007,-73.9164965252,40.8188666796,The Bronx,201,32,7,17,16,84046,Melrose South - Mott Haven North,40,36005006700,67,Bronx DPHO,84
75667,32324579,2007.0,None,7/7/2007,04,1.0,0.0,Y,03030,None,01,013,1.0,03,Y,01,4,1,1,1,09,2,05,K,N3,21596,21607,7/7/2007 12:43:00 AM,NYC PD,1,000,1,None,4510613.25924,586292.23391,429080850.0,426320.0,38.9309,1,22.0,N,323245792007,-73.9779343005,40.7419345676,Manhattan,106,26,2,2,14,74096,Murray Hill - Kips Bay,13,36061007000,70,None,74
76056,31716418,2005.0,None,9/23/2005,04,1.0,0.0,Y,03030,None,01,075,1.0,03,Y,02,1,1,1,1,09,1,02,K,N2,33086,None,9/23/2005 11:15:00 AM,NYC PD,1,000,1,Y,4502360.52,595358.74,514939679.0,437499.0,None,None,21.0,N,317164182005,-73.8718226491,40.6666017776,Brooklyn,305,19,19,42,10,40060,East New York (part A),75,36047111600,1116,Brooklyn DPHO,40
76332,31946825,2006.0,None,5/23/2006,04,1.0,0.0,Y,03030,None,01,075,1.0,03,Y,02,1,1,1,1,09,1,01,K,N2,32510,None,5/23/2006 7:53:00 PM,NYC PD,1,000,3,Y,4502583.99,595651.17,408003927.0,211093.0,None,None,21.0,N,319468252006,-73.8683295642,40.6685807181,Brooklyn,305,19,19,42,10,40066,East New York (part A),75,36047122000,1220,Brooklyn DPHO,40
77259,32252981,2007.0,None,5/29/2007,04,1.0,0.0,Y,03030,None,01,062,1.0,03,Y,01,1,1,1,1,09,1,05,K,N2, 7420,None,5/29/2007 2:45:00 PM,NYC PD,1,000,1,Y,4496072.07,585915.92,437961458.0,174970.0,None,None,21.0,N,322529812007,-73.9843805424,40.6109967601,Brooklyn,311,27,20,44,8,47070,Bensonhurst East,62,36047043000,430,None,47
77366,32163277,2007.0,None,2/24/2007,04,1.0,0.0,Y,03030,None,01,068,1.0,03,Y,01,1,1,1,1,09,1,01,K,N2,15774,None,2/24/2007 12:41:00 PM,NYC PD,1,000,1,Y,4498429.88,583257.25,436992060.0,159070.0,None,None,21.0,N,321632772007,-74.0154925798,40.632506796,Brooklyn,310,22,20,43,8,48079,Bay Ridge,68,36047012600,126,None,48
77421,32329714,2007.0,None,7/31/2007,12,1.0,0.0,Y,03030,None,01,062,1.0,03,Y,02,1,1,1,1,09,1,ZZ,K,N2, 7247,None,7/31/2007 1:10:00 PM,NYC PD,1,000,1,Y,4497331.83,584746.01,442498667.0,426282.0,None,None,21.0,N,323297142007,-73.9980385755,40.6224647675,Brooklyn,311,22,20,43,8,49022,Bensonhurst West,62,36047019000,190,None,49
78149,32294210,2007.0,None,6/22/2007,12,1.0,0.0,Y,03030,None,01,090,2.0,03,Y,01,1,1,1,1,09,1,04,K,N2,65401,None,6/22/2007 9:01:00 AM,NYC PD,1,010,3,Y,4506137.90008,589591.910117,437975437.0,189423.0,0.0,None,2.0,N,322942102007,-73.9394985169,40.701271773,Brooklyn,304,17,14,34,12,53063,Bushwick South,83,36047038900,389,Brooklyn DPHO,53
78215,32424455,2007.0,None,10/18/2007,12,1.0,0.0,Y,03030,None,01,090,1.0,03,Y,02,4,1,1,1,09,Z,ZZ,K,N2,None,None,10/18/2007 4:16:00 AM,NYC PD,1,011,3,Y,4507039.94006,588619.919901,437949556.0,190168.0,0.0,None,2.0,N,324244552007,-73.9508746222,40.709501726,Brooklyn,301,17,14,34,12,53035,North Side - South Side,90,36047051300,513,None,53
78356,31550289,2005.0,None,5/8/2005,12,1.0,0.0,Y,03030,None,01,083,1.0,03,Y,03,1,1,1,1,09,1,03,K,N2,19377,None,5/8/2005 4:35:00 PM,NYC PD,1,000,1,Y,4505201.87,592320.32,437967498.0,201626.0,None,None,21.0,N,315502892005,-73.9073455975,40.6925397067,Brooklyn,304,17,32,37,12,54042,Bushwick North,83,36047043700,437,Brooklyn DPHO,54
78385,31737531,2005.0,None,10/16/2005,04,1.0,0.0,Y,03030,None,01,075,1.0,03,Y,02,4,1,1,1,09,1,05,K,N2, 4187,None,10/16/2005 2:40:00 AM,NYC PD,1,000,1,Y,4503833.15,594864.48,435428684.0,212043.0,None,None,21.0,N,317375312005,-73.8774466395,40.6799227624,Brooklyn,305,17,19,37,12,54069,East New York (part A),75,36047119200,1192,Brooklyn DPHO,54
79558,32397336,2007.0,None,9/5/2007,04,1.0,0.0,Y,03030,None,01,081,1.0,03,Y,01,1,1,1,1,09,2,05,K,N2, 4922, 4948,9/5/2007 3:50:00 PM,NYC PD,1,000,3,None,4503493.68864,590280.407978,442493900.0,187978.0,115.3493,3,22.0,N,323973362007,-73.9317305561,40.6773798032,Brooklyn,308,18,16,36,10,56044,Crown Heights North,77,36047030900,309,None,56
80122,32123281,2007.0,None,1/5/2007,04,1.0,0.0,Y,03030,None,01,020,1.0,03,Y,01,4,3,1,2,09,2,ZZ,K,N3, 9247,None,1/5/2007 10:45:00 PM,NYC PD,1,000,3,Y,4515109.99,586165.48,429079132.0,427394.0,None,None,21.0,N,321232812007,-73.9788156084,40.7824507015,Manhattan,107,29,3,6,8,67061,Upper West Side,20,36061016100,161,None,67
81061,32314715,2007.0,None,5/22/2007,04,1.0,0.0,Y,03030,None,01,017,1.0,03,Y,02,1,1,1,1,09,1,ZZ,K,N3,10749,None,5/22/2007 1:34:00 PM,NYC PD,1,000,3,Y,4512197.25,587146.8,429080316.0,170963.0,None,None,21.0,N,323147152007,-73.9675935359,40.7561117676,Manhattan,106,26,2,5,14,73015,Turtle Bay - East Midtown,17,36061009800,98,None,73
81524,32497696,2007.0,None,12/5/2007,12,1.0,0.0,Y,03030,None,01,014,2.0,03,Y,02,1,1,1,1,09,2,05,K,N3,None,None,12/5/2007 8:24:00 AM,NYC PD,1,011,3,N,4511618.18005,585529.670123,429080457.0,170844.0,0.0,None,2.0,N,324976962007,-73.9868275474,40.751065735,Manhattan,105,26,2,3,14,75069,Midtown - Midtown South,14,36061008400,84,None,75
81879,32497693,2007.0,None,12/6/2007,12,1.0,0.0,Y,03030,None,01,014,1.0,03,Y,02,4,1,1,1,09,1,01,K,N3,None,None,12/6/2007 6:00:00 PM,NYC PD,1,011,3,Y,4511977.48994,585524.000011,429080397.0,426659.0,0.0,None,2.0,N,324976932007,-73.9868455748,40.7543027054,Manhattan,105,26,2,3,14,75069,Midtown - Midtown South,14,36061011300,113,None,75
82261,5348390,1995.0,None,6/15/1995,04,1.0,0.0,Y,03030,None,01,None,1.0,03,Y,02,4,1,1,1,09,X,13,K,N1, 3924,None,6/15/1995 10:00:00 PM,None,1,000,A,Y,4524632.67,592921.54,438152846.0,208462.0,None,None,21.0,N,53483901995,-73.8973405244,40.8674837034,The Bronx,207,33,10,15,16,78028,Van Cortlandt Village,52,36005040304,403.04,None,78
83270,32378449,2007.0,None,8/28/2007,12,1.0,0.0,Y,03030,None,01,105,1.0,03,Y,02,1,1,1,1,09,1,13,K,N4,30417,None,8/28/2007 1:30:00 PM,NYC PD,1,000,3,Y,4504607.49,605609.83,515859880.0,455681.0,None,None,21.0,N,323784492007,-73.7501916562,40.6855907833,Queens,413,10,29,31,6,29042,Laurelton,105,36081062600,626,None,29
84879,32402226,2007.0,None,9/1/2007,12,1.0,0.0,Y,03030,None,01,109,1.0,03,Y,02,1,1,1,1,09,1,01,K,N4,None,None,9/1/2007 6:46:00 AM,NYC PD,1,011,3,N,4510844.5099,599172.999943,515268547.0,0.0,0.0,None,2.0,N,324022262007,-73.8253636118,40.7425657292,Queens,407,16,25,20,5,22056,Queensboro Hill,109,36081080301,803.01,None,22
86315,5577744,1995.0,None,10/27/1995,04,1.0,0.0,Y,03030,None,01,None,1.0,03,Y,02,4,3,1,2,09,X,XX,K,N3,21972,None,10/27/1995 4:00:00 AM,None,1,000,A,Y,4508244.7,586031.24,429081972.0,170035.0,None,None,21.0,N,55777441995,-73.9813505368,40.7206277381,Manhattan,103,25,1,1,12,74012,Lower East Side,7,36061002201,22.01,None,74
87152,32464809,2007.0,None,8/16/2007,12,1.0,0.0,Y,03030,None,01,110,1.0,03,Y,02,1,2,1,1,09,1,01,K,N4,None,None,8/16/2007 4:18:00 PM,NYC PD,1,011,1,Y,4510141.41012,595764.940099,435474403.0,434366.0,0.0,None,2.0,N,324648092007,-73.8658296026,40.7366367193,Queens,404,13,24,25,5,35040,Elmhurst,110,36081068300,683,None,35
87829,5460287,1995.0,None,11/7/1995,04,1.0,0.0,Y,03030,None,01,None,1.0,03,Y,02,4,2,1,2,09,X,02,K,N2, 4884,None,11/7/1995 11:00:00 PM,None,1,000,A,Y,4501889.49,589598.95,436995463.0,187190.0,None,None,21.0,N,54602871995,-73.9400216264,40.6630047727,Brooklyn,309,20,17,41,11,43046,Prospect-LeffertsGrdn-Wing,71,36047087401,874.01,None,43
88446,5379103,1995.0,None,9/5/1995,04,1.0,0.0,Y,03030,None,01,None,1.0,03,Y,02,1,1,1,1,09,X,XX,K,N2,16068,None,9/5/1995 8:00:00 AM,None,1,000,A,Y,4500291.67,583475.97,436977881.0,420168.0,None,None,21.0,N,53791031995,-74.0126595254,40.6492547183,Brooklyn,307,18,15,38,12,51028,Sunset Park West,72,36047000200,2,None,51
89004,5446403,1995.0,None,11/30/1995,04,1.0,0.0,Y,03030,None,01,None,1.0,03,Y,01,1,1,1,1,09,X,XX,K,N2,23921,23940,11/30/1995 11:00:00 AM,None,1,000,A,None,4506521.82721,589309.771036,437950055.0,189505.0,34.1094,1,22.0,N,54464031995,-73.9427829742,40.7047604968,Brooklyn,301,17,14,34,12,53052,East Williamsburg,90,36047049100,491,None,53
91926,5584763,1995.0,None,10/6/1995,04,1.0,0.0,Y,03030,None,01,None,1.0,03,Y,01,1,1,1,1,09,X,05,K,N3, 9832, 9833,10/6/1995 1:00:00 PM,None,1,000,A,None,4512422.02151,586315.766233,429084107.0,171451.0,38.6143,5,22.0,N,55847631995,-73.9774060444,40.7582239673,Manhattan,105,26,2,3,14,73055,Midtown - Midtown South,18,36061010200,102,None,73
92018,5402273,1995.0,None,8/8/1995,04,1.0,0.0,Y,03030,None,01,None,1.0,03,Y,02,1,1,1,1,09,X,02,K,N3,22010,None,8/8/1995 5:00:00 PM,None,1,000,A,Y,4508495.18,586166.18,429081781.0,170112.0,None,None,21.0,N,54022731995,-73.9797185765,40.7228697624,Manhattan,103,25,1,2,12,74009,Lower East Side,9,36061002601,26.01,None,74
94789,5307283,1995.0,None,8/28/1995,04,1.0,0.0,Y,03030,None,01,None,1.0,03,Y,01,1,1,1,1,09,X,05,K,N2, 2974,None,8/28/1995 7:00:00 AM,None,1,000,A,Y,4500929.49,591495.83,442484530.0,198465.0,None,None,21.0,N,53072831995,-73.9177246273,40.6541497296,Brooklyn,317,21,18,42,10,58067,Rugby - Remsen Village,67,36047088800,888,None,58
95687,32294211,2007.0,None,8/9/2007,12,1.0,0.0,Y,03030,None,01,032,1.0,03,Y,02,1,2,1,1,09,1,05,K,N3, 1386,None,8/9/2007 5:25:00 PM,NYC PD,1,000,1,Y,4519338.83,588917.35,429077590.0,182204.0,None,None,21.0,N,322942112007,-73.9456046025,40.8202467546,Manhattan,110,30,5,9,15,70056,CentrlHarlemNorth-PoloGrounds,32,36061022102,221.02,East and Central Harlem DPHO,70
96248,5357943,1995.0,None,9/26/1995,04,1.0,0.0,Y,03030,None,01,None,2.0,03,Y,01,1,2,1,1,09,X,05,K,N3,10677,None,9/26/1995 10:00:00 AM,None,1,000,A,Y,4514074.73,587914.21,429079581.0,181287.0,None,None,21.0,N,53579431995,-73.9582396145,40.7729407667,Manhattan,108,26,2,4,14,73066,Lenox Hill - Roosevelt Island,19,36061013400,134,None,73
96337,5318056,1995.0,None,4/4/1995,04,1.0,0.0,Y,03030,None,01,None,1.0,03,Y,02,1,1,1,1,09,X,02,K,N3,21614,None,4/4/1995 7:00:00 AM,None,1,000,A,Y,4511108.05,584631.59,429080685.0,426357.0,None,None,21.0,N,53180561995,-73.9975335113,40.7465637619,Manhattan,104,29,2,3,8,75033,HudsnYds-Chelsea-Flatirn-UnionSq,10,36061009100,91,None,75
96442,5307282,1995.0,None,8/15/1995,04,1.0,2.0,Y,03030,None,01,None,1.0,03,Y,02,4,1,1,1,09,X,01,K,N3, 9720,None,8/15/1995 1:00:00 AM,None,1,000,A,Y,4512984.04,585851.98,429085304.0,427016.0,None,None,21.0,N,53072821995,-73.9828225698,40.7633347255,Manhattan,105,26,2,3,8,75100,Midtown - Midtown South,18,36061013100,131,None,75
96485,5370240,1995.0,None,7/13/1995,04,1.0,0.0,Y,03030,None,01,None,1.0,03,Y,02,1,2,2,1,09,X,01,K,N1, 6641,None,7/13/1995 6:00:00 PM,None,1,000,A,Y,4521586.54,594965.03,442492243.0,206937.0,None,None,21.0,N,53702401995,-73.8735606134,40.8398137188,The Bronx,206,36,12,15,16,76013,VanNest-MorrisPk-WstcstrSq,48,36005022000,220,Bronx DPHO,76
98265,32288364,2007.0,None,4/29/2007,04,1.0,0.0,Y,03030,None,01,083,1.0,03,Y,03,4,1,1,1,09,1,02,K,N2,19319,None,4/29/2007 12:15:00 AM,NYC PD,1,000,1,Y,4505291.67,591502.71,437967160.0,201640.0,None,None,21.0,N,322883642007,-73.9170076316,40.6934397174,Brooklyn,304,17,32,34,12,54029,Bushwick South,83,36047041700,417,Brooklyn DPHO,54
98453,32329213,2007.0,None,5/29/2007,04,1.0,0.0,Y,03030,None,01,073,1.0,03,Y,03,2,1,1,1,09,1,06,K,N2, 4515,None,5/29/2007 6:08:00 AM,NYC PD,1,000,1,Y,4504075.73,591969.12,435458146.0,200988.0,None,None,21.0,N,323292132007,-73.9116665371,40.6824357158,Brooklyn,316,18,23,41,10,55018,Ocean Hill,73,36047037100,371,Brooklyn DPHO,55
98681,32424465,2007.0,None,10/18/2007,12,1.0,1.0,Y,03030,None,01,081,1.0,03,Y,02,1,1,1,1,09,1,ZZ,KC,N2,None,None,10/18/2007 6:21:00 AM,NYC PD,1,011,1,Y,4503705.45998,590504.349935,437974755.0,188023.0,0.0,None,2.0,N,324244652007,-73.9290506141,40.6792627171,Brooklyn,303,18,16,41,10,56037,Crown Heights North,81,36047029900,299,Brooklyn DPHO,56
100232,6359652,1996.0,None,7/21/1996,04,1.0,0.0,Y,03030,None,01,None,1.0,03,Y,02,4,1,1,1,09,X,02,K,N1, 3983,None,7/21/1996 11:00:00 PM,None,1,000,A,Y,4525245.12,592206.14,515270656.0,208584.0,None,None,21.0,N,63596521996,-73.9057375488,40.8730807501,The Bronx,207,33,10,14,16,78051,Kingsbridge Heights,52,36005026900,269,None,78
100614,5357939,1995.0,None,8/10/1995,04,1.0,2.0,Y,03030,None,01,None,1.0,03,Y,01,3,1,1,1,09,X,05,K,N4, 2033, 2100,8/10/1995 8:00:00 PM,None,1,000,A,None,4495913.25175,604668.189326,435433665.0,258422.0,38.4316,7,22.0,N,53579391995,-73.7627798576,40.6074046131,Queens,414,14,27,31,6,23081,Far Rockaway - Bayswater,101,36081100801,1008.01,None,23
101407,5389399,1995.0,None,8/27/1995,04,1.0,0.0,Y,03030,None,01,105,1.0,03,Y,02,1,2,1,1,09,1,XX,K,N4,30467,None,8/27/1995 4:00:00 PM,None,1,000,A,Y,4503545.61,605165.08,441803300.0,263175.0,None,None,21.0,N,53893991995,-73.7556316201,40.6760836981,Queens,413,10,29,31,6,29038,Laurelton,105,36081032800,328,None,29
101501,5485971,1995.0,None,9/20/1995,04,1.0,0.0,Y,03030,None,01,None,1.0,03,Y,03,1,1,1,1,09,X,03,K,N4,53371,None,9/20/1995 3:00:00 PM,None,1,000,A,Y,4501481.96,606625.99,435424012.0,260899.0,None,None,21.0,N,54859711995,-73.7386996162,40.6573097062,Queens,413,14,29,31,6,29055,Rosedale,105,36081066400,664,None,29
102859,5515680,1995.0,None,9/18/1995,04,1.0,0.0,Y,03030,None,01,None,1.0,03,Y,01,1,1,1,1,09,X,XX,K,N4,10994,None,9/18/1995 5:00:00 PM,None,1,000,A,Y,4515264.3,591465.09,437986968.0,430316.0,None,None,21.0,N,55156801995,-73.915995544,40.7832677072,Queens,401,12,30,22,14,36002,Steinway,114,36081010300,103,None,36
104141,5356632,1995.0,None,9/1/1995,04,1.0,0.0,Y,03030,None,01,None,1.0,03,Y,02,3,1,2,1,09,X,XX,K,N2, 1013,None,9/1/1995,None,1,000,A,Y,4503842.04,593534.99,437960003.0,200948.0,None,None,21.0,N,53566321995,-73.8931746402,40.6801547116,Brooklyn,305,17,19,37,10,55039,Cypress Hills - City Line,75,36047114600,1146,Brooklyn DPHO,55
104678,6401261,1996.0,None,7/27/1996,04,1.0,0.0,Y,03030,None,01,None,1.0,03,Y,01,1,1,1,1,09,X,05,K,N1, 3502, 3506,7/27/1996 4:00:00 PM,None,1,000,A,None,4524091.22753,592642.686313,428864551.0,196060.0,31.5849,3,22.0,N,64012611996,-73.900729622,40.8626386295,The Bronx,207,33,10,14,16,86045,Bedford Pk - Fordham North,52,36005040100,401,None,86
105459,6375817,1996.0,None,10/16/1996,04,1.0,0.0,Y,03030,None,01,None,1.0,03,Y,01,1,1,1,1,09,X,05,K,N3,27602,27603,10/16/1996 8:00:00 AM,None,1,000,A,None,4507926.13677,583993.473553,429082222.0,169948.0,37.6418,5,22.0,N,63758171996,-74.005517793,40.7179687258,Manhattan,101,25,2,1,8,66008,SoHo-Tribeca-CivcCentr-LittleItaly,1,36061003300,33,None,66
105473,6359656,1996.0,None,8/28/1996,04,1.0,0.0,Y,03030,None,01,None,1.0,03,Y,02,1,2,1,1,09,X,02,K,N3,21829,None,8/28/1996 7:00:00 AM,None,1,000,A,Y,4509356.69,585368.28,429083572.0,170340.0,None,None,21.0,N,63596561996,-73.9890475427,40.7307127232,Manhattan,103,29,1,2,14,66059,East Village,9,36061004000,40,None,66
109179,6477327,1996.0,None,12/4/1996,04,1.0,0.0,Y,03030,None,01,094,1.0,03,Y,02,4,2,1,1,09,1,02,K,N2,21412,None,12/4/1996 3:00:00 AM,None,1,000,A,Y,4508591.45,589578.16,437966755.0,430422.0,None,None,21.0,N,64773271996,-73.9393105762,40.723372739,Brooklyn,301,17,14,33,12,53092,Greenpoint,94,36047059300,593,None,53
110003,6375820,1996.0,None,10/28/1996,04,1.0,0.0,Y,03030,None,01,None,2.0,03,Y,01,1,2,2,1,09,X,05,K,N3,10823,10824,10/28/1996 9:00:00 AM,None,1,000,A,None,4513435.781,588321.252037,429079842.0,181179.0,39.7434,1,22.0,N,63758201996,-73.9535073477,40.7671420554,Manhattan,108,26,2,5,14,65031,Lenox Hill - Roosevelt Island,19,36061012400,124,None,65
112670,6338680,1996.0,None,8/1/1996,04,1.0,0.0,Y,03030,None,01,None,1.0,03,Y,02,1,2,1,1,09,X,01,K,N4,19889,None,8/1/1996 3:00:00 PM,None,1,000,A,Y,4510622.31,592650.62,474085581.0,193305.0,None,None,21.0,N,63386801996,-73.9026355566,40.7413246894,Queens,402,12,30,26,7,30046,Woodside,108,36081024900,249,None,30
115095,6128784,1996.0,None,4/24/1996,04,1.0,0.0,Y,03030,None,01,None,1.0,03,Y,01,1,1,1,1,09,X,05,K,N3, 1188, 1189,4/24/1996 12:00:00 PM,None,1,000,A,None,4518667.1605,588084.791421,429077755.0,433198.0,20.2846,1,22.0,N,61287841996,-73.9555705184,40.8142868082,Manhattan,109,30,5,7,15,70090,Manhattanville,26,36061021303,213.03,None,70
115107,6288267,1996.0,None,8/16/1996,04,1.0,0.0,Y,03030,None,01,None,1.0,03,Y,01,4,1,6,1,09,X,06,K,N3, 1640, 1641,8/16/1996 9:00:00 PM,None,1,000,A,None,4523697.69589,590504.037722,442492625.0,183177.0,263.6918,5,22.0,N,62882671996,-73.9261590981,40.8593331697,Manhattan,112,31,6,10,15,71060,park_cemetery_etc_MN,34,36061031100,311,None,71
116383,6311257,1996.0,None,8/3/1996,04,1.0,0.0,Y,03030,None,01,None,1.0,03,Y,02,1,2,1,1,09,X,13,K,N4,32226,None,8/3/1996 3:00:00 PM,None,1,000,A,Y,4504098.42,596871.42,438160727.0,212121.0,None,None,21.0,N,63112571996,-73.8536616302,40.6820787071,Queens,409,15,27,32,9,23007,Woodhaven,102,36081005200,52,None,23
118378,6245101,1996.0,None,6/18/1996,04,1.0,0.0,Y,03030,None,01,None,1.0,03,Y,03,4,1,1,1,09,X,05,K,N4,16889,None,6/18/1996 9:00:00 PM,None,1,000,A,Y,4512853.93,595535.63,437971980.0,205847.0,None,None,21.0,N,62451011996,-73.8681306491,40.7610946852,Queens,403,13,30,21,7,35012,East Elmhurst,115,36081036300,363,None,35
119119,7173144,1997.0,None,6/24/1997,04,1.0,0.0,Y,03030,None,01,062,1.0,03,Y,01,2,1,1,1,09,1,XX,K,N2, 7631,None,6/24/1997 5:00:00 AM,None,1,000,A,Y,4494858.92,585380.89,441799556.0,174240.0,None,None,21.0,N,71731441997,-73.9908686148,40.6001248054,Brooklyn,311,23,21,47,8,47043,Bensonhurst East,62,36047030000,300,None,47
120663,6372862,1996.0,None,9/15/1996,04,1.0,0.0,Y,03030,None,01,None,1.0,03,Y,02,4,1,1,1,09,X,02,K,N3, 9345,None,9/15/1996 9:00:00 PM,None,1,000,A,Y,4518087.48,588696.37,442475108.0,433148.0,None,None,21.0,N,63728621996,-73.9484025926,40.8089997535,Manhattan,110,30,5,9,15,70014,Central Harlem South,28,36061022200,222,East and Central Harlem DPHO,70
120909,7266368,1997.0,None,6/19/1997,04,1.0,0.0,Y,03030,None,01,None,1.0,03,Y,02,4,1,1,1,09,X,02,K,N1, 6639,None,6/19/1997 11:00:00 PM,None,1,000,A,Y,4521703.68,595025.75,437959764.0,206982.0,None,None,21.0,N,72663681997,-73.8728226347,40.8408617337,The Bronx,206,36,12,15,16,76013,East Tremont,48,36005022000,220,Bronx DPHO,76
122482,7240889,1997.0,None,5/14/1997,04,1.0,0.0,Y,03030,None,01,072,1.0,03,Y,02,1,1,2,1,09,1,05,K,N2,16119,None,5/14/1997 6:00:00 PM,None,1,000,A,Y,4500563.53,583641.35,436977790.0,426972.0,None,None,21.0,N,72408891997,-74.0106675496,40.6516867407,Brooklyn,307,18,15,38,12,51059,Sunset Park West,72,36047000200,2,None,51
123001,7501489,1997.0,None,9/7/1997,04,1.0,0.0,Y,03030,None,01,077,1.0,03,Y,02,3,1,2,1,09,1,13,K,N2, 4967,None,9/7/1997 7:00:00 PM,None,1,000,A,Y,4502724.74,590590.35,435458389.0,187350.0,None,None,21.0,N,75014891997,-73.9281746217,40.6704197654,Brooklyn,308,19,17,41,11,55066,Crown Heights North,77,36047035700,357,None,55
123079,6184932,1996.0,None,7/31/1996,04,1.0,0.0,Y,03030,None,01,None,1.0,03,Y,02,1,3,1,2,09,X,02,K,N2, 4559,None,7/31/1996 1:00:00 PM,None,1,000,A,Y,4503641.51,591581.54,436988289.0,429284.0,None,None,21.0,N,61849321996,-73.9163155936,40.6785677827,Brooklyn,303,18,16,41,10,55026,Ocean Hill,81,36047030100,301,Brooklyn DPHO,55
124062,7260995,1997.0,None,7/3/1997,04,1.0,0.0,Y,03030,None,01,040,1.0,03,Y,01,1,1,1,1,09,1,13,K,N1,10237,None,7/3/1997 1:00:00 PM,None,1,000,A,Y,4518486.86,590693.89,436982505.0,181997.0,None,None,21.0,N,72609951997,-73.9246655889,40.8123786829,The Bronx,201,28,7,17,16,84031,Mott Haven - Port Morris,40,36005004100,41,Bronx DPHO,84
124402,7372376,1997.0,None,10/4/1997,04,1.0,0.0,Y,03030,None,01,041,1.0,03,Y,01,1,1,1,1,09,1,05,K,N1, 4472,None,10/4/1997 11:00:00 PM,None,1,000,A,Y,4520010.57,593621.79,435450488.0,194962.0,None,None,21.0,N,73723761997,-73.8897275635,40.8257737293,The Bronx,202,32,8,17,16,85054,Hunts Point,41,36005012102,121.02,Bronx DPHO,85
124980,7100743,1997.0,None,1/26/1997,04,1.0,0.0,Y,03030,None,01,005,1.0,03,Y,01,4,1,1,1,09,1,02,K,N3,22155,None,1/26/1997 7:00:00 PM,None,1,000,A,Y,4507325.44,585097.42,429084838.0,169752.0,None,None,21.0,N,71007431997,-73.9925305815,40.7124447378,Manhattan,103,25,2,1,12,64027,Chinatown,7,36061000800,8,None,64
127917,7345987,1997.0,None,8/29/1997,04,1.0,0.0,Y,03030,None,01,070,3.0,03,Y,02,1,1,1,1,09,1,01,K,N2, 8380,None,8/29/1997 1:00:00 PM,None,1,000,A,Y,4496559.76,587694.38,480890661.0,423556.0,None,None,21.0,N,73459871997,-73.9632925905,40.6152027961,Brooklyn,314,27,21,48,9,45073,Midwood,70,36047054200,542,None,45
128076,7543583,1997.0,None,9/20/1997,04,1.0,0.0,Y,03030,None,01,None,1.0,03,Y,02,4,1,1,1,09,X,02,K,N2, 7789,None,9/20/1997,None,1,000,A,Y,4494470.34,586515.61,435472971.0,425504.0,None,None,21.0,N,75435831997,-73.9775125377,40.5965067562,Brooklyn,311,22,21,47,13,47027,Bensonhurst East,62,36047040000,400,None,47
128148,7502192,1997.0,None,8/29/1997,04,1.0,0.0,Y,03030,None,01,068,1.0,03,Y,01,4,1,1,1,09,1,XX,K,N2,15902,None,8/29/1997 9:00:00 PM,None,1,000,A,Y,4498800.95,583182.65,513307516.0,159139.0,None,None,21.0,N,75021921997,-74.0163255344,40.6358567181,Brooklyn,310,23,20,38,8,48065,Sunset Park East,68,36047012000,120,None,48
128205,7304704,1997.0,None,7/25/1997,04,1.0,0.0,Y,03030,None,01,062,1.0,03,Y,02,1,1,1,1,09,1,02,K,N2,10868,None,7/25/1997 1:00:00 PM,None,1,000,A,Y,4494855.71,584369.12,435473807.0,174239.0,None,None,21.0,N,73047041997,-74.0028255752,40.6001997408,Brooklyn,311,23,20,47,13,49064,Bath Beach,62,36047028600,286,None,49
129087,6307758,1996.0,None,6/7/1996,04,1.0,0.0,Y,03030,None,01,None,1.0,03,Y,03,1,1,1,1,09,X,13,K,N2, 4292,None,6/7/1996 7:00:00 PM,None,1,000,A,Y,4503858.32,593927.65,437960054.0,200951.0,None,None,21.0,N,63077581996,-73.8885265873,40.6802567136,Brooklyn,305,17,19,37,10,55040,Cypress Hills - City Line,75,36047117201,1172.01,Brooklyn DPHO,55
130396,7100585,1997.0,None,3/5/1997,04,1.0,0.0,Y,03030,None,01,None,2.0,03,Y,02,1,2,1,1,09,X,05,K,N3, 9148, 9149,3/5/1997 5:00:00 AM,None,1,000,A,None,4515797.376,586364.999853,429078800.0,171691.0,36.9618,1,22.0,N,71005851997,-73.9763563051,40.7886211304,Manhattan,107,31,3,6,8,67095,Upper West Side,24,36061017500,175,None,67
131680,7101308,1997.0,None,4/2/1997,04,1.0,0.0,Y,03030,None,01,019,1.0,03,Y,02,1,1,1,1,09,1,05,K,N3, 8888,None,4/2/1997 9:00:00 AM,None,1,000,A,Y,4512696.04,587417.15,429085365.0,181080.0,None,None,21.0,N,71013081997,-73.9643215394,40.7605757473,Manhattan,106,26,2,5,14,73031,Turtle Bay - East Midtown,17,36061010800,108,None,73
133571,7305282,1997.0,None,7/19/1997,04,1.0,3.0,Y,03030,None,01,067,2.0,03,Y,01,3,2,1,1,09,2,07,KCCC,N2, 2186, 2187,7/19/1997 8:00:00 PM,None,1,000,A,None,4500718.36466,588670.459751,436978687.0,186471.0,119.5988,7,22.0,N,73052821997,-73.9511693584,40.6525564472,Brooklyn,317,21,17,40,11,43075,Prospect-LeffertsGrdn-Wing,67,36047082000,820,None,43
133608,7342132,1997.0,None,8/15/1997,04,1.0,0.0,Y,03030,None,01,066,1.0,03,Y,02,1,1,1,1,09,1,02,K,N2, 1290,None,8/15/1997 2:00:00 PM,None,1,000,A,Y,4499636.04,585358.08,441799068.0,177146.0,None,None,21.0,N,73421321997,-73.9904905145,40.6431567317,Brooklyn,312,21,15,38,11,44102,Borough Park,66,36047022400,224,None,44
135221,7342134,1997.0,None,8/17/1997,04,1.0,0.0,Y,03030,None,01,120,1.0,03,Y,03,3,1,1,1,09,1,02,K,N5,11645,None,8/17/1997 8:00:00 PM,None,1,000,A,Y,4496522.18,577193.84,433846334.0,165018.0,None,None,21.0,N,73421341997,-74.0874165199,40.6159117905,Staten Island,501,23,31,49,13,63005,Stapleton - Rosebank,120,36085002900,29,None,63
135377,8469057,1998.0,None,10/24/1998,04,1.0,0.0,Y,03030,None,01,043,1.0,03,Y,01,1,1,1,1,09,2,07,K,N1, 5192, 5193,10/24/1998 1:00:00 PM,None,1,000,A,None,4520240.65034,597306.226157,437943434.0,206620.0,34.997,3,22.0,N,84690571998,-73.8460058066,40.8274172596,The Bronx,209,32,8,18,7,76068,Westchester - Unionport,43,36005009800,98,None,76
135842,8527061,1998.0,None,10/3/1998,04,1.0,0.0,Y,03030,None,01,050,1.0,03,Y,01,4,3,1,2,09,2,XX,K,N1,35606,35608,10/3/1998 6:00:00 PM,None,1,000,A,None,4527730.20546,594343.96748,437956053.0,207885.0,3.8751,3,22.0,N,85270611998,-73.8799940322,40.8952196944,The Bronx,212,34,10,11,17,81029,park_cemetery_etc_BX,47,36005043500,435,None,81
136957,7246309,1997.0,None,8/13/1997,04,1.0,0.0,Y,03030,None,01,104,1.0,03,Y,01,1,1,1,1,09,1,01,K,N4,22605,None,8/13/1997 6:00:00 PM,None,1,000,A,Y,4508299.96,592200.86,435443793.0,203189.0,None,None,21.0,N,72463091997,-73.9083035921,40.7204577576,Queens,405,15,24,30,12,30003,Maspeth,104,36081052500,525,None,30
138561,7464813,1997.0,None,11/18/1997,04,1.0,0.0,Y,03030,None,01,110,1.0,03,Y,01,1,1,1,1,09,2,05,K,N4,34903,34904,11/18/1997 4:00:00 PM,None,1,000,A,None,4511578.781,595786.540692,435483747.0,205542.0,101.0529,7,22.0,N,74648131997,-73.8653538164,40.7495804186,Queens,404,13,24,21,5,39011,North Corona,110,36081040700,407,None,39
139557,8550832,1998.0,None,11/3/1998,04,1.0,0.0,Y,03030,None,01,088,1.0,03,Y,02,1,1,1,1,09,1,XX,K,N2, 5287,None,11/3/1998 3:00:00 PM,None,1,000,A,Y,4504470.94,587246.25,437969971.0,428341.0,None,None,21.0,N,85508321998,-73.9674915898,40.6865087536,Brooklyn,302,18,13,35,10,57059,Clinton Hill,88,36047019900,199,None,57
141067,8268960,1998.0,None,5/27/1998,04,1.0,1.0,Y,03030,None,01,030,3.0,03,Y,02,1,1,1,1,09,1,01,KA,N3, 1215,None,5/27/1998 7:00:00 PM,None,1,000,A,Y,4520595.67,589123.85,429077333.0,433868.0,None,None,21.0,N,82689601998,-73.9429765491,40.8315446772,Manhattan,109,30,6,7,15,71020,Hamilton Heights,30,36061023501,235.01,None,71
141939,8711305,1998.0,None,12/30/1998,04,1.0,0.0,Y,03030,None,01,017,2.0,03,Y,02,1,1,1,1,09,1,05,K,N3,21506,None,12/30/1998 3:00:00 PM,None,1,000,A,Y,4511455.45,586326.65,430511051.0,170805.0,None,None,21.0,N,87113051998,-73.9774105345,40.7495167366,Manhattan,106,26,2,4,14,75066,Murray Hill - Kips Bay,17,36061008000,80,None,75
142540,8469056,1998.0,None,10/18/1998,04,1.0,0.0,Y,03030,None,01,045,1.0,03,Y,01,1,1,2,1,09,2,05,K,N1, 5629, 5630,10/18/1998 8:00:00 AM,None,1,000,A,None,4523378.29364,598577.433699,437956045.0,235009.0,11.6537,3,22.0,N,84690561998,-73.8304363292,40.8555250084,The Bronx,210,34,8,13,7,82052,PelhamBay-CountryClub-CityIsland,45,36005030000,300,None,82
144367,8395287,1998.0,None,8/31/1998,04,1.0,0.0,Y,03030,None,01,090,1.0,03,Y,02,4,1,1,1,09,1,XX,K,N2,22503,None,8/31/1998 10:00:00 PM,None,1,000,A,Y,4507454.26,587983.92,435457957.0,190267.0,None,None,21.0,N,83952871998,-73.9583445337,40.7133017647,Brooklyn,301,17,14,34,12,53023,North Side - South Side,90,36047052300,523,None,53
145635,7101169,1997.0,None,5/16/1997,04,1.0,0.0,Y,03030,None,01,None,1.0,03,Y,02,1,2,1,1,09,X,XX,K,N3,10087,None,5/16/1997 5:00:00 PM,None,1,000,A,Y,4517434.85,589725.28,429078110.0,432844.0,None,None,21.0,N,71011691997,-73.9362995649,40.803009705,Manhattan,111,30,5,8,15,68096,East Harlem North,25,36061019400,194,East and Central Harlem DPHO,68
146231,8460176,1998.0,None,7/9/1998,04,1.0,0.0,Y,03030,None,01,024,1.0,03,Y,02,4,3,1,2,09,1,02,K,N3, 9280,None,7/9/1998 8:00:00 PM,None,1,000,A,Y,4517210.79,587762.47,512682934.0,181708.0,None,None,21.0,N,84601761998,-73.959596618,40.8012037371,Manhattan,110,30,3,9,15,69072,Central Harlem South,28,36061019702,197.02,East and Central Harlem DPHO,69
149996,9263059,1999.0,None,8/8/1999,04,1.0,0.0,Y,03030,None,01,043,1.0,03,Y,02,1,3,1,2,09,1,05,K,N1, 5170,None,8/8/1999 11:00:00 AM,None,1,000,A,Y,4520254.56,596966.77,515861181.0,206625.0,None,None,21.0,N,92630591999,-73.8500286107,40.8275827345,The Bronx,209,32,8,18,7,76067,Westchester - Unionport,43,36005009800,98,None,76
150360,9445549,1999.0,None,10/16/1999,04,1.0,1.0,Y,03030,None,01,052,1.0,03,Y,01,1,1,1,1,09,2,03,KA,N1, 3931, 3935,10/16/1999 4:00:00 PM,None,1,000,A,None,4524515.80492,592624.036673,438152813.0,438380.0,29.6966,7,22.0,N,94455491999,-73.9008876457,40.8664648165,The Bronx,207,33,10,14,16,78039,Kingsbridge Heights,52,36005026500,265,None,78
151759,8118055,1998.0,None,4/1/1998,04,1.0,0.0,Y,03030,None,01,075,1.0,03,Y,01,1,1,1,1,09,2,06,K,N2, 3580, 3584,4/1/1998 12:00:00 PM,None,1,000,A,None,4501211.10186,593407.565599,435462480.0,198565.0,43.5085,7,22.0,N,81180551998,-73.8950734536,40.6564720926,Brooklyn,305,19,19,42,10,40085,East New York (part A),75,36047109800,1098,Brooklyn DPHO,40
152331,8731207,1998.0,None,12/31/1998,04,1.0,0.0,Y,03030,None,01,083,1.0,03,Y,02,1,1,1,1,09,1,XX,K,N2,19183,None,12/31/1998 2:00:00 PM,None,1,000,A,Y,4506593.83,591175.15,437987065.0,429497.0,None,None,21.0,N,87312071998,-73.920694543,40.7052047119,Brooklyn,304,17,32,34,12,53074,Bushwick North,83,36047044500,445,Brooklyn DPHO,53
152879,7101251,1997.0,None,6/2/1997,04,1.0,0.0,Y,03030,None,01,083,1.0,03,Y,02,1,1,3,1,09,1,06,K,N2, 4442,None,6/2/1997 5:00:00 PM,None,1,000,A,Y,4504494.47,591902.91,436995413.0,201537.0,None,None,21.0,N,71012511997,-73.9123885943,40.6862147332,Brooklyn,304,17,32,37,10,55005,Bushwick South,83,36047040100,401,Brooklyn DPHO,55
154212,8518851,1998.0,None,8/30/1998,04,1.0,0.0,Y,03030,None,01,040,1.0,03,Y,01,1,1,1,1,09,1,06,K,N1, 2410,None,8/30/1998 6:00:00 PM,None,1,000,A,Y,4518781.4,591709.58,435467811.0,436178.0,None,None,21.0,N,85188511998,-73.9125815675,40.814918717,The Bronx,201,32,7,17,16,84063,Melrose South - Mott Haven North,40,36005007300,73,Bronx DPHO,84
154391,8555097,1998.0,None,7/26/1998,04,1.0,0.0,Y,03030,None,01,041,1.0,03,Y,01,1,1,1,1,09,1,12,K,N1, 4330,None,7/26/1998 7:00:00 PM,None,1,000,A,Y,4518666.89,593461.75,438379236.0,194659.0,None,None,21.0,N,85550971998,-73.8918266098,40.8136896783,The Bronx,202,32,8,17,16,84080,Hunts Point,41,36005009300,93,Bronx DPHO,84
154539,9315258,1999.0,None,8/1/1999,04,1.0,1.0,Y,03030,None,01,043,1.0,03,Y,02,1,1,1,1,09,1,13,XK,N1, 4484,None,8/1/1999 12:00:00 PM,None,1,000,A,Y,4521177.0,594668.0,442483940.0,435069.0,40.418951,5,21.0,N,93152581999,-73.8771454698,40.8361594369,The Bronx,209,32,12,18,16,85028,Crotona Park East,43,36005006000,60,None,85
155399,9191494,1999.0,None,2/4/1999,04,1.0,0.0,Y,03030,None,01,005,1.0,03,Y,02,4,1,1,1,09,1,05,K,N3,22162,None,2/4/1999 11:00:00 PM,None,1,000,A,Y,4508063.59,585278.08,429082158.0,169980.0,None,None,21.0,N,91914941999,-73.9902916108,40.7190747773,Manhattan,103,25,2,1,12,64054,Chinatown,7,36061001800,18,None,64
155504,9315255,1999.0,None,7/30/1999,04,1.0,0.0,Y,03030,None,01,006,1.0,03,Y,02,1,1,1,1,09,1,05,K,N3,28143,None,7/30/1999 10:00:00 AM,None,1,000,A,Y,4510116.79,584285.7,429080979.0,426028.0,None,None,21.0,N,93152551999,-74.0017635068,40.7376707254,Manhattan,102,29,2,3,8,66106,West Village,6,36061007700,77,None,66
156426,8389143,1998.0,None,9/13/1998,04,1.0,0.0,Y,03030,None,01,106,1.0,03,Y,01,1,1,1,1,09,2,05,K,N4,31587,31588,9/13/1998 4:00:00 PM,None,1,000,A,None,4503832.54992,598316.852934,435462701.0,218308.0,14.1088,3,22.0,N,83891431998,-73.8366019417,40.6795129652,Queens,410,15,27,32,9,23019,South Ozone Park,106,36081086400,864,None,23
156608,8371435,1998.0,None,9/18/1998,04,1.0,0.0,Y,03030,None,01,107,1.0,03,Y,01,3,1,1,1,09,1,XX,K,N4,37047,None,9/18/1998 6:00:00 PM,None,1,000,A,Y,4508588.04,600840.59,437983525.0,445158.0,None,None,21.0,N,83714351998,-73.8059796398,40.7220397055,Queens,408,14,25,24,9,25035,Kew Gardens Hills,107,36081125700,1257,None,25
156952,8383629,1998.0,None,9/17/1998,04,1.0,0.0,Y,03030,None,01,113,1.0,03,Y,02,4,1,1,1,09,1,01,K,N4,30403,None,9/17/1998 1:00:00 AM,None,1,000,A,Y,4503521.21,605158.83,443336867.0,263167.0,None,None,21.0,N,83836291998,-73.7557096434,40.6758647335,Queens,413,10,29,31,6,29038,Laurelton,105,36081032800,328,None,29
157766,8537729,1998.0,None,8/11/1998,04,1.0,1.0,Y,03030,None,01,110,1.0,03,Y,02,1,1,1,1,09,1,07,CK,N4,33889,None,8/11/1998 1:00:00 PM,None,1,000,A,Y,4509858.44,595077.42,435473352.0,205006.0,None,None,21.0,N,85377291998,-73.8740135523,40.7341677498,Queens,404,16,24,25,5,35059,Elmhurst,110,36081047500,475,None,35
157833,8501123,1998.0,None,9/27/1998,04,1.0,0.0,Y,03030,None,01,114,2.0,03,Y,02,4,1,1,1,09,1,02,K,N4,11326,None,9/27/1998 1:00:00 AM,None,1,000,A,Y,4513244.36,590165.5,436984698.0,181156.0,None,None,21.0,N,85011231998,-73.9316866236,40.7652177124,Queens,401,12,30,22,14,36066,Astoria,114,36081004500,45,None,36
158349,9416492,1999.0,None,10/12/1999,04,1.0,0.0,Y,03030,None,01,070,1.0,03,Y,02,1,1,1,1,09,1,01,K,N2, 1710,None,10/12/1999 8:00:00 AM,None,1,000,A,Y,4498454.53,587381.78,480890730.0,184791.0,None,None,21.0,N,94164921999,-73.966724514,40.6323027798,Brooklyn,314,21,22,40,11,44072,Flatbush,70,36047046000,460,None,44
158817,9225429,1999.0,None,6/14/1999,04,1.0,0.0,Y,03030,None,01,090,1.0,03,Y,01,1,1,1,1,09,2,13,K,N2,24280,24325,6/14/1999 5:00:00 PM,None,1,000,A,None,4506706.30931,587248.100283,436988067.0,169624.0,40.6167,5,22.0,N,92254291999,-73.9671587596,40.7066430794,Brooklyn,301,25,14,33,12,50059,Williamsburg,90,36047054500,545,None,50
159027,9232259,1999.0,None,6/30/1999,04,1.0,0.0,Y,03030,None,01,078,1.0,03,Y,03,1,2,1,1,09,1,03,K,N2, 5598,None,6/30/1999 12:00:00 PM,None,1,000,A,Y,4503912.88,585715.5,437969210.0,168927.0,None,None,21.0,N,92322591999,-73.9856805794,40.6816427077,Brooklyn,306,18,15,33,11,52061,DUMBO-VingrHl-DwntnBrkl-BoermHl,78,36047007100,71,None,52
159687,9590576,1999.0,None,10/28/1999,04,1.0,0.0,Y,03030,None,01,071,1.0,03,Y,01,4,1,1,1,09,2,XX,K,N2, 5179, 5819,10/28/1999 8:00:00 PM,None,1,000,A,None,4501724.34993,587824.566953,437969696.0,423990.0,22.5038,7,22.0,N,95905761999,-73.9610327612,40.6617080883,Brooklyn,309,20,17,35,11,57029,Prospect-LeffertsGrdn-Wing,71,36047032700,327,None,57
162163,9139096,1999.0,None,1/12/1999,04,1.0,0.0,Y,03030,None,01,014,1.0,03,Y,02,1,1,1,1,09,1,XX,K,N3,21589,None,1/12/1999 3:00:00 PM,None,1,000,A,Y,4511193.65,585300.43,429080619.0,170742.0,None,None,21.0,N,91390961999,-73.9896005724,40.7472657021,Manhattan,105,26,2,3,8,75051,Midtown - Midtown South,14,36061007600,76,None,75
162368,9616535,1999.0,None,11/18/1999,04,1.0,0.0,Y,03030,None,01,013,1.0,03,Y,02,4,1,1,1,09,1,02,K,N3,21724,None,11/18/1999 5:00:00 PM,None,1,000,A,Y,4510204.21,585462.39,429827553.0,170549.0,None,None,21.0,N,96165351999,-73.9878175399,40.7383367781,Manhattan,105,26,2,2,14,75009,HudsnYds-Chelsea-Flatirn-UnionSq,13,36061005200,52,None,75
162890,9335457,1999.0,None,5/31/1999,04,1.0,2.0,Y,03030,None,01,070,1.0,03,Y,01,1,1,1,1,09,2,13,XXK,N2, 1780, 1781,5/31/1999 7:00:00 PM,None,1,000,A,None,4497872.76688,588248.534008,515267820.0,184700.0,129.7054,5,22.0,N,93354571999,-73.9565584882,40.626970503,Brooklyn,314,19,22,48,10,42012,Midwood,70,36047076200,762,None,42
163093,9669875,1999.0,None,12/20/1999,04,1.0,0.0,Y,03030,None,01,067,1.0,03,Y,03,1,3,1,2,09,1,13,K,N2, 2362,None,12/20/1999 11:00:00 PM,None,1,000,A,Y,4499835.91,589201.55,442485396.0,185725.0,None,None,21.0,N,96698751999,-73.9450136197,40.6445507264,Brooklyn,317,21,17,45,11,42056,East Flatbush - Farragut,67,36047085400,854,None,42
163818,9306230,1999.0,None,5/26/1999,04,1.0,0.0,Y,03030,None,01,060,1.0,03,Y,03,1,1,1,1,09,1,13,K,N2, 7730,None,5/26/1999 8:00:00 AM,None,1,000,A,Y,4493893.45,585434.78,436987606.0,173489.0,None,None,21.0,N,93062301999,-73.9903626155,40.5914227985,Brooklyn,313,22,21,47,13,47005,Gravesend,60,36047031400,314,None,47
163995,9375469,1999.0,None,8/4/1999,04,1.0,0.0,Y,03030,None,01,068,1.0,03,Y,02,1,1,1,1,09,1,02,K,N2,15697,None,8/4/1999 9:00:00 AM,None,1,000,A,Y,4498078.25,583065.97,436991954.0,419596.0,None,None,21.0,N,93754691999,-74.0178005364,40.629358752,Brooklyn,310,22,20,43,13,48078,Bay Ridge,68,36047013400,134,None,48
164832,9533224,1999.0,None,10/7/1999,04,1.0,1.0,Y,03030,None,01,063,1.0,03,Y,01,1,2,4,1,09,2,04,CK,N2, 6731, 6732,10/7/1999 5:00:00 PM,None,1,000,A,None,4494722.93906,592243.647506,514938494.0,203699.0,176.0701,5,22.0,N,95332241999,-73.9097899858,40.5981629239,Brooklyn,318,22,22,46,9,59044,park_cemetery_etc_BK,63,36047070202,702.02,None,59
165281,9146261,1999.0,None,4/5/1999,04,1.0,0.0,Y,03030,None,01,019,2.0,03,Y,02,1,1,1,1,09,1,05,K,N3,10740,None,4/5/1999 11:00:00 AM,None,1,000,A,Y,4512977.37,587567.55,429080032.0,181118.0,None,None,21.0,N,91462611999,-73.9625005445,40.7630937198,Manhattan,108,26,2,5,14,65003,Lenox Hill - Roosevelt Island,19,36061011000,110,None,65
166964,9101401,1999.0,None,3/30/1999,04,1.0,1.0,Y,03030,None,01,101,1.0,03,Y,02,1,1,1,1,09,1,02,CK,N4, 1686,None,3/30/1999 5:00:00 PM,None,1,000,A,Y,4494177.76,602888.13,442484359.0,231198.0,None,None,21.0,N,91014011999,-73.7840995917,40.5919967859,Queens,414,14,27,31,6,23068,Hammels-Arverne-Edgemere,101,36081097202,972.02,None,23
167169,9108516,1999.0,None,5/19/1999,04,1.0,0.0,Y,03030,None,01,107,1.0,03,Y,02,4,3,1,2,09,1,02,K,N4,34201,None,5/19/1999 11:00:00 PM,None,1,000,A,Y,4507881.96,600697.28,435463548.0,219319.0,None,None,21.0,N,91085161999,-73.8077896523,40.7156977778,Queens,408,14,28,24,9,25044,Briarwood - Jamaica Hill,107,36081022002,220.02,None,25
168624,9620549,1999.0,None,12/8/1999,04,1.0,0.0,Y,03030,None,01,108,1.0,03,Y,02,4,1,1,1,09,1,06,K,N4,20454,None,12/8/1999 8:00:00 PM,None,1,000,A,Y,4510980.77,591476.13,436982143.0,193415.0,None,None,21.0,N,96205491999,-73.9164915447,40.744684758,Queens,402,12,30,26,7,37028,HuntersPt-Sunnyside-WstMaspeth,108,36081025301,253.01,None,37
171802,9292396,1999.0,None,4/28/1999,04,1.0,0.0,Y,03030,None,01,105,1.0,03,Y,01,1,1,1,1,09,1,07,K,N4,40727,None,4/28/1999 7:00:00 PM,None,1,000,A,Y,4511835.79,608680.08,436998171.0,274967.0,None,None,21.0,N,92923961999,-73.7126126148,40.7502927638,Queens,413,11,26,23,5,24055,GlenOaks-FloralPk-NewHydePk,105,36081155102,1551.02,None,24
172282,9521154,1999.0,None,9/6/1999,04,1.0,0.0,Y,03030,None,01,103,1.0,03,Y,03,4,3,1,2,09,1,03,K,N4,38675,None,9/6/1999 1:00:00 AM,None,1,000,A,Y,4505313.48,600635.04,514935522.0,218636.0,None,None,21.0,N,95211541999,-73.80893863,40.6925717293,Queens,412,10,28,28,6,32020,Jamaica,103,36081020600,206,None,32
172394,9515426,1999.0,None,10/9/1999,04,1.0,0.0,Y,03030,None,01,113,1.0,03,Y,03,4,1,2,1,09,1,13,K,N4,36593,None,10/9/1999 7:00:00 PM,None,1,000,A,Y,4506926.33,604597.14,435443662.0,245221.0,None,None,21.0,N,95154261999,-73.7617866815,40.7066047618,Queens,412,14,29,27,6,33086,Hollis,113,36081050600,506,None,33
173051,0237548,2000.0,None,5/5/2000,04,1.0,1.0,Y,03030,None,01,090,1.0,03,Y,01,1,1,1,1,09,1,13,KC,N2,23930,None,5/5/2000 8:00:00 AM,NYC PD,1,000,3,Y,4506331.21,589336.01,437950049.0,424201.0,None,None,21.0,N,02375482000,-73.9424995754,40.7030407319,Brooklyn,301,17,14,34,12,53056,East Williamsburg,90,36047049100,491,None,53
173087,9620324,1999.0,None,11/21/1999,04,1.0,0.0,Y,03030,None,01,083,2.0,03,Y,01,4,2,1,2,09,2,06,K,N2,19177,19178,11/21/1999,None,1,000,A,None,4506245.25039,590886.424789,438159713.0,202291.0,28.5681,7,22.0,N,96203241999,-73.9241623358,40.702096919,Brooklyn,304,17,32,34,12,53073,Bushwick North,83,36047042900,429,Brooklyn DPHO,53
173805,9669859,1999.0,None,12/15/1999,04,1.0,0.0,Y,03030,None,01,040,1.0,03,Y,02,4,3,3,2,09,1,01,K,N1,10344,None,12/15/1999 9:00:00 PM,None,1,000,A,Y,4517672.56,591006.49,435484323.0,435855.0,None,None,21.0,N,96698591999,-73.9210786144,40.8050097337,The Bronx,201,28,7,8,16,84024,Mott Haven - Port Morris,40,36005001900,19,Bronx DPHO,84
173866,9407950,1999.0,None,8/25/1999,04,1.0,5.0,Y,03030,None,01,044,1.0,03,Y,02,1,2,2,1,09,1,02,KXXXX,N1, 3194,None,8/25/1999 6:00:00 PM,None,1,000,A,Y,4520517.96,590702.53,437945205.0,182450.0,None,None,21.0,N,94079501999,-73.9242676081,40.8306716959,The Bronx,204,28,9,17,16,84010,West Concourse,44,36005006300,63,Bronx DPHO,84
177193,0379188,2000.0,None,9/11/2000,04,1.0,0.0,Y,03030,None,01,075,1.0,03,Y,01,4,1,1,1,09,1,04,K,N2, 3004,None,9/11/2000 8:00:00 PM,None,1,000,A,Y,4501990.85,594746.15,436996834.0,210415.0,None,None,21.0,N,03791882000,-73.8791245399,40.6633427273,Brooklyn,305,19,19,42,10,40061,East New York (part A),75,36047111600,1116,Brooklyn DPHO,40
177468,0312563,2000.0,None,7/17/2000,04,1.0,0.0,Y,03030,None,01,062,2.0,03,Y,01,1,1,1,1,09,1,07,K,N2, 7622,None,7/17/2000 4:00:00 PM,None,1,000,A,Y,4494955.44,585655.99,435474250.0,174255.0,None,None,21.0,N,03125632000,-73.9876045309,40.6009657531,Brooklyn,311,22,21,47,13,47032,Bensonhurst East,62,36047029800,298,None,47
178353,0547633,2000.0,None,12/30/2000,04,1.0,0.0,Y,03030,None,01,090,1.0,03,Y,01,1,1,1,1,09,1,05,K,N2,23787,None,12/30/2000 3:00:00 PM,None,1,000,A,Y,4506832.62,590055.04,442492549.0,424252.0,None,None,21.0,N,05476332000,-73.9339175661,40.7074787238,Brooklyn,301,17,14,34,12,53058,Bushwick South,90,36047048500,485,None,53
178394,0190387,2000.0,None,3/30/2000,04,1.0,2.0,Y,03030,None,01,094,1.0,03,Y,02,4,1,1,1,09,1,02,BBK,N2,22581,None,3/30/2000 6:00:00 PM,None,1,000,A,Y,4507602.99,589162.05,437950126.0,190314.0,None,None,21.0,N,01903872000,-73.9443775689,40.7145147029,Brooklyn,301,17,14,34,12,53009,East Williamsburg,90,36047049700,497,None,53
178407,0536797,2000.0,None,9/14/2000,04,1.0,0.0,Y,03030,None,01,090,1.0,03,Y,01,1,1,1,1,09,1,03,K,N2,23706,None,9/14/2000 5:00:00 PM,None,1,000,A,Y,4506247.45,589156.37,441788025.0,189446.0,None,None,21.0,N,05367972000,-73.9446375968,40.7023057494,Brooklyn,301,17,14,33,10,53048,Bedford,90,36047050700,507,None,53
178792,9335462,1999.0,None,6/21/1999,04,1.0,0.0,Y,03030,None,01,073,1.0,03,Y,02,3,1,1,1,09,2,02,K,N2, 4584, 5003,6/21/1999 8:00:00 PM,None,1,000,A,None,4503429.05933,591366.17419,442487331.0,200300.0,29.9126,3,22.0,N,93354621999,-73.9188944977,40.6766781004,Brooklyn,316,18,16,41,10,55030,Ocean Hill,73,36047030300,303,Brooklyn DPHO,55
179132,0249724,2000.0,None,6/1/2000,04,1.0,0.0,Y,03030,None,01,073,2.0,03,Y,01,1,1,3,1,09,2,04,K,N2, 4557, 4558,6/1/2000 6:00:00 PM,None,1,000,A,None,4503713.29011,591568.395244,436988193.0,429287.0,35.9856,1,22.0,N,02497242000,-73.9164606399,40.6792157752,Brooklyn,303,18,16,41,10,55022,Stuyvesant Heights,81,36047037900,379,Brooklyn DPHO,55
182766,0499531,2000.0,None,12/11/2000,04,1.0,0.0,Y,03030,None,01,108,1.0,03,Y,01,4,1,1,1,09,2,05,K,N4,20441,20445,12/11/2000 7:00:00 PM,None,1,000,A,None,4510860.62389,591654.822347,438378309.0,430084.0,41.3714,3,22.0,N,04995312000,-73.9143929481,40.7435827129,Queens,402,12,30,26,12,37027,HuntersPt-Sunnyside-WstMaspeth,108,36081025302,253.02,None,37
183215,0536798,2000.0,None,9/15/2000,04,1.0,0.0,Y,03030,None,01,067,1.0,03,Y,01,1,1,1,1,09,2,05,K,N2, 2329, 2355,9/15/2000 4:00:00 PM,None,1,000,A,None,4499832.18297,588625.428055,435474667.0,423850.0,30.7919,1,22.0,N,05367982000,-73.9518268368,40.6445792003,Brooklyn,317,21,17,40,11,42063,Erasmus,67,36047079200,792,None,42
185054,0232168,2000.0,None,5/14/2000,04,1.0,0.0,Y,03030,None,01,120,1.0,03,Y,01,1,1,1,1,09,2,04,K,N5,18608,18616,5/14/2000 5:00:00 PM,None,1,000,A,None,4498830.62215,570288.200642,433819663.0,414534.0,48.1835,7,22.0,N,02321682000,-74.1687882961,40.6373221252,Staten Island,501,23,31,49,13,63079,MarinrsHbr-Arlingtn-PtIvory-Granitvl,120,36085031902,319.02,None,63
186065,0464367,2000.0,None,8/17/2000,04,1.0,0.0,Y,03030,None,01,111,1.0,03,Y,01,1,1,1,1,09,1,XX,K,N4,14341,None,8/17/2000 5:00:00 PM,None,1,000,A,Y,4512384.17,603230.75,437949969.0,249999.0,None,None,21.0,N,04643672000,-73.7770585659,40.755933708,Queens,411,11,26,19,5,26049,Bayside - Bayside Hills,111,36081145102,1451.02,None,26
186135,0358472,2000.0,None,6/28/2000,04,1.0,0.0,Y,03030,None,01,110,1.0,03,Y,02,1,1,Z,1,09,1,02,K,N4,16734,None,6/28/2000 5:00:00 AM,None,1,000,A,Y,4512251.24,597643.82,437958362.0,440487.0,None,None,21.0,N,03584722000,-73.8432525716,40.7554187466,Queens,407,16,25,21,5,27015,park_cemetery_etc_QN,110,36081038301,383.01,None,27
189096,1364970,2001.0,None,9/12/2001,04,1.0,0.0,Y,03030,None,01,077,1.0,03,Y,02,4,1,1,1,09,1,02,K,N2, 5359,None,9/12/2001 10:00:00 PM,None,1,000,A,Y,4503770.46,586644.92,442494227.0,179400.0,None,None,21.0,N,13649702001,-73.9747035764,40.6802627475,Brooklyn,306,18,13,33,11,52048,Park Slope - Gowanus,78,36047012902,129.02,None,52
189973,1276665,2001.0,None,7/2/2001,04,1.0,0.0,Y,03030,None,01,007,1.0,03,Y,01,1,1,1,1,09,1,04,K,N3,22173,None,7/2/2001 7:00:00 AM,None,1,000,A,Y,4507033.68,585165.82,474728665.0,169670.0,None,None,21.0,N,12766652001,-73.9917605567,40.7098097007,Manhattan,103,25,1,1,12,64026,park_cemetery_etc_MN,7,36061000600,6,None,64
190616,1317044,2001.0,None,7/30/2001,04,1.0,0.0,Y,03030,None,01,001,1.0,03,Y,01,1,2,1,1,09,1,13,K,N3,27914,None,7/30/2001 4:00:00 PM,None,1,000,A,Y,4508263.87,584013.57,429086507.0,170042.0,None,None,21.0,N,13170442001,-74.0052345975,40.7210087457,Manhattan,101,25,2,1,8,66005,SoHo-Tribeca-CivcCentr-LittleItaly,1,36061003300,33,None,66
193646,1333243,2001.0,None,7/13/2001,04,1.0,0.0,Y,03030,None,01,070,2.0,03,Y,01,1,1,1,1,02,2,05,K,N2, 1980, 2073,7/13/2001 8:00:00 AM,None,1,000,A,None,4499450.3863,588250.172395,427280395.0,185649.0,93.0948,1,22.0,N,13332432001,-73.9563178502,40.6411804393,Brooklyn,314,21,22,40,11,42041,Flatbush,70,36047051602,516.02,None,42
193962,1454100,2001.0,None,11/11/2001,04,1.0,0.0,Y,03030,None,01,061,1.0,03,Y,02,1,1,1,1,09,1,ZZ,K,N2, 8266,None,11/11/2001 2:45:00 PM,NYC PD,1,000,1,Y,4494812.96,588715.45,515268034.0,191745.0,None,None,21.0,N,14541002001,-73.9514695702,40.5993598009,Brooklyn,315,27,22,48,9,45033,Madison,61,36047057800,578,None,45
194723,1428709,2001.0,None,8/18/2001,04,1.0,0.0,Y,03030,None,01,069,1.0,03,Y,02,1,1,1,1,09,1,02,K,N2, 3364,None,8/18/2001 1:00:00 PM,None,1,000,A,Y,4498858.04,592982.42,515267835.0,428771.0,None,None,21.0,N,14287092001,-73.9004495781,40.6353257707,Brooklyn,318,19,18,46,10,59016,Canarsie,69,36047100800,1008,None,59
194829,1276675,2001.0,None,7/20/2001,04,1.0,2.0,Y,03030,None,01,120,1.0,03,Y,01,1,1,2,1,09,2,05,KCC,N5,11573,11575,7/20/2001 7:30:00 PM,NYC PD,1,000,3,None,4495681.35482,578165.489532,474729983.0,164210.0,55.8669,5,22.0,N,12766752001,-74.0760354798,40.6082465858,Staten Island,501,23,31,49,13,60009,Stapleton - Rosebank,120,36085002001,20.01,None,60
195354,0344335,2000.0,None,8/10/2000,04,1.0,0.0,Y,03030,None,01,023,1.0,03,Y,02,1,1,1,1,09,1,02,K,N3,12214,None,8/10/2000 11:00:00 AM,None,1,000,A,Y,4516297.65,588769.9,441796368.0,181564.0,None,None,21.0,N,03443352000,-73.9477855861,40.7928707581,Manhattan,111,28,4,8,15,68029,East Harlem South,23,36061017200,172,East and Central Harlem DPHO,68
195760,1276676,2001.0,None,7/24/2001,04,1.0,0.0,Y,03030,None,01,026,1.0,03,Y,02,4,1,3,1,09,1,02,K,N3, 1152,None,7/24/2001 8:00:00 PM,None,1,000,A,Y,4519101.41,587995.27,429086277.0,182140.0,None,None,21.0,N,12766762001,-73.9565705239,40.8182077088,Manhattan,109,30,5,7,15,70085,Manhattanville,26,36061021900,219,None,70
196278,1276674,2001.0,None,7/20/2001,04,1.0,0.0,Y,03030,None,01,010,1.0,03,Y,02,2,1,1,1,09,1,01,K,N3, 9039,None,7/20/2001 5:00:00 AM,None,1,000,A,Y,4512358.86,584994.33,435444275.0,171006.0,None,None,21.0,N,12766742001,-73.9930675067,40.757792701,Manhattan,104,29,2,3,8,75079,Clinton,14,36061011500,115,None,75
199272,1454000,2001.0,None,10/24/2001,04,1.0,0.0,Y,03030,None,01,062,1.0,03,Y,01,1,1,1,1,09,2,13,K,N2, 7573, 7579,10/24/2001 2:00:00 PM,None,1,000,A,None,4494913.29362,585992.433463,435474341.0,None,None,None,22.0,N,14540002001,-73.983634348,40.6005512016,Brooklyn,311,22,21,47,13,47031,Bensonhurst East,62,36047040600,406,None,47
201899,1238652,2001.0,None,4/9/2001,04,1.0,0.0,Y,03030,None,01,079,1.0,03,Y,02,4,3,1,2,09,1,02,K,N2,24115,None,4/9/2001 11:00:00 PM,None,1,000,A,Y,4505552.99,589256.74,407986211.0,188766.0,None,None,21.0,N,12386522001,-73.9435485252,40.6960397606,Brooklyn,303,18,14,36,10,54005,Bedford,79,36047025902,259.02,Brooklyn DPHO,54
203105,9678521,1999.0,None,11/13/1999,04,1.0,0.0,Y,03030,None,01,079,1.0,03,Y,02,Z,Z,Z,Z,09,1,XX,K,N2,24008,None,11/13/1999 12:00:00 PM,None,1,000,A,Y,4504740.82,587875.89,437966123.0,188192.0,None,None,21.0,N,96785211999,-73.960003552,40.6888727525,Brooklyn,None,18,13,None,10,None,None,None,36047023300,233,None,57
203239,1213199,2001.0,None,2/1/2001,04,1.0,0.0,Y,03030,None,01,041,1.0,03,Y,01,3,1,1,1,09,1,05,K,N1,10427,None,2/1/2001 4:00:00 PM,None,1,000,A,Y,4518515.13,593418.29,442486982.0,194625.0,None,None,21.0,N,12131992001,-73.892364557,40.8123277472,The Bronx,202,32,8,17,16,84084,Hunts Point,41,36005009300,93,Bronx DPHO,84
203441,1238650,2001.0,None,4/5/2001,04,1.0,1.0,Y,03030,None,01,042,1.0,03,Y,03,1,1,5,1,09,1,05,CK,N1, 4479,None,4/5/2001 5:00:00 PM,None,1,000,A,Y,4520554.35,593960.41,437946678.0,195540.0,None,None,21.0,N,12386502001,-73.8856305577,40.8306327339,The Bronx,203,32,12,17,16,85048,Crotona Park East,42,36005012300,123,Bronx DPHO,85
204157,30377860,2002.0,None,10/25/2002,04,1.0,0.0,Y,03030,None,01,019,1.0,03,Y,02,2,2,2,1,09,1,ZZ,K,N3,10216,None,10/25/2002 5:25:00 PM,NYC PD,1,000,1,Y,4514776.13,589043.45,515268801.0,181387.0,None,None,21.0,None,303778602002,-73.9447606176,40.7791367544,Manhattan,108,28,2,5,14,65088,Yorkville,19,36061015200,152,None,65
204674,30403742,2002.0,None,7/25/2002,04,1.0,0.0,Y,03030,None,01,024,1.0,03,Y,02,1,1,2,1,09,1,05,K,N3, 9189, 9218,7/25/2002 2:36:00 PM,NYC PD,1,000,1,None,4517252.00897,587180.39067,437964394.0,427741.0,114.5795,3,22.0,None,304037422002,-73.9664901867,40.8016370088,Manhattan,107,31,3,8,15,69062,Morningside Heights,24,36061019500,195,None,69
206366,30403749,2002.0,None,4/3/2002,04,1.0,2.0,Y,03030,None,01,047,1.0,03,Y,02,1,3,2,2,09,1,02,KCC,N1,42004,None,4/3/2002 3:43:00 PM,NYC PD,1,000,1,Y,4525859.2,596612.13,437958019.0,208276.0,None,None,21.0,None,304037492002,-73.8533635761,40.8781036726,The Bronx,212,36,11,12,17,83018,Williamsbridge - Olinville,47,36005038200,382,None,83
206814,30176155,2002.0,None,6/9/2002,04,1.0,0.0,Y,03030,None,01,071,1.0,03,N,ZZ,Z,Z,Z,Z,09,1,13,K,N2, 5134, 5135,6/9/2002 2:05:00 AM,NYC PD,1,000,1,None,4502295.12035,588449.646939,435476951.0,187265.0,39.8924,1,22.0,None,301761552002,-73.9535588728,40.666782395,Brooklyn,309,20,17,35,11,43025,Crown Heights South,71,36047032100,321,None,43
206949,30340475,2002.0,None,8/19/2002,04,1.0,0.0,Y,03030,None,01,071,1.0,03,Y,02,3,1,1,1,09,1,02,K,N2, 4945,None,8/19/2002 8:04:00 PM,NYC PD,1,000,1,Y,4501607.01,590092.14,442494200.0,423978.0,None,None,21.0,None,303404752002,-73.9342285329,40.6604067129,Brooklyn,309,20,18,41,11,43048,Prospect-LeffertsGrdn-Wing,71,36047087800,878,None,43
207916,30496085,2002.0,None,4/1/2002,04,1.0,0.0,Y,03030,None,01,072,1.0,03,Y,02,4,1,1,1,09,1,ZZ,K,N2,15917,None,4/1/2002 11:30:00 PM,NYC PD,1,000,1,Y,4499184.42,583480.62,437002468.0,159220.0,None,None,21.0,None,304960852002,-74.0127515141,40.6392807451,Brooklyn,307,23,20,38,12,51055,Sunset Park East,72,36047010200,102,None,51
207923,30378295,2002.0,None,8/23/2002,04,1.0,0.0,Y,03030,None,01,066,1.0,03,Y,02,1,1,1,1,09,1,02,K,N2, 1347, 1543,8/23/2002 1:11:00 PM,NYC PD,1,000,1,None,4499370.66645,585052.51331,443578368.0,177088.0,6.4838,7,22.0,None,303782952002,-73.9941397274,40.6407979381,Brooklyn,312,21,15,39,8,51042,Sunset Park East,66,36047011200,112,None,51
208895,30378367,2002.0,None,10/17/2002,04,1.0,0.0,Y,03030,None,01,068,1.0,03,Y,03,4,2,1,1,09,1,04,K,N2,15575,None,10/17/2002 6:13:00 PM,NYC PD,1,000,1,Y,4498276.89,581715.36,437005225.0,159037.0,None,None,21.0,None,303783672002,-74.0337425974,40.6312827181,Brooklyn,310,22,20,43,13,60101,Bay Ridge,68,36047004400,44,None,60
210482,2106244,2002.0,None,7/29/2002,04,1.0,0.0,Y,03030,None,01,010,1.0,03,Y,01,1,1,1,1,09,2,05,K,N3, 9076, 9081,7/29/2002 4:00:00 PM,None,1,000,A,None,4511966.45947,584556.80965,429096399.0,170916.0,5.0262,5,22.0,None,21062442002,-73.998303125,40.7543033594,Manhattan,104,29,2,3,8,75073,HudsnYds-Chelsea-Flatirn-UnionSq,10,36061011100,111,None,75
210644,30199403,2002.0,None,6/9/2002,04,1.0,0.0,Y,03030,None,01,014,1.0,03,Y,02,1,1,1,1,09,1,06,K,N3, 9775, 9836,6/9/2002 4:15:00 PM,NYC PD,1,000,1,None,4512252.71387,586039.845403,429083312.0,170994.0,147.7109,3,22.0,None,301994032002,-73.9806977095,40.7567278977,Manhattan,105,26,2,3,14,75084,Midtown - Midtown South,18,36061009600,96,None,75
211492,30378518,2002.0,None,6/23/2002,04,1.0,0.0,Y,03030,None,01,103,1.0,03,Y,02,1,1,1,1,09,1,02,K,N4,38872,None,6/23/2002 1:38:00 PM,NYC PD,1,000,1,Y,4505949.85,602022.73,435444529.0,450545.0,None,None,21.0,None,303785182002,-73.7924146615,40.6981327337,Queens,412,10,28,28,6,32012,South Jamaica,103,36081025400,254,None,32
213081,2102721,2002.0,None,3/22/2002,04,1.0,0.0,Y,03030,None,01,094,2.0,03,Y,01,4,1,1,1,09,1,05,K,N2,23661,None,3/22/2002 6:00:00 PM,None,1,000,A,Y,4507779.84,589280.89,437950413.0,430353.0,None,None,21.0,None,21027212002,-73.942945612,40.7160947429,Brooklyn,301,17,14,34,12,50082,East Williamsburg,94,36047049700,497,None,50
213244,30403725,2002.0,None,12/29/2002,04,1.0,0.0,Y,03030,None,01,078,1.0,03,Y,02,4,2,1,2,09,1,02,K,N2, 5557, 5558,12/29/2002 4:50:00 AM,NYC PD,1,000,1,None,4502551.93491,585417.284578,435474226.0,178600.0,38.9167,5,22.0,None,304037252002,-73.9893941371,40.6694151585,Brooklyn,306,18,15,39,12,52012,Park Slope - Gowanus,78,36047013900,139,None,52
213332,30381613,2002.0,None,11/10/2002,04,1.0,0.0,Y,03030,None,01,067,1.0,03,Y,02,4,1,1,1,09,1,05,K,N2, 4997,None,11/10/2002 1:17:00 AM,NYC PD,1,000,1,Y,4502057.72,590972.84,435459878.0,199437.0,None,None,21.0,None,303816132002,-73.9237465329,40.6643697108,Brooklyn,317,19,17,41,11,55077,Brownsville,67,36047089200,892,None,55
213379,30116688,2002.0,None,4/16/2002,04,1.0,1.0,Y,03030,None,01,084,1.0,03,Y,02,1,1,1,1,09,1,02,KC,N2, 5565,None,4/16/2002 7:30:00 AM,NYC PD,1,000,1,Y,4504113.31,586025.56,437969220.0,428067.0,None,None,21.0,None,301166882002,-73.9819845534,40.6834157526,Brooklyn,302,18,15,33,10,57097,DUMBO-VingrHl-DwntnBrkl-BoermHl,84,36047003900,39,None,57
215641,30378245,2002.0,None,7/22/2002,04,1.0,0.0,Y,03030,None,01,075,2.0,03,Y,02,1,1,1,1,09,1,02,K,N2,30123,None,7/22/2002 5:45:00 PM,NYC PD,1,000,1,Y,4502373.62,595350.21,514939676.0,210504.0,None,None,21.0,None,303782452002,-73.871921559,40.666720755,Brooklyn,305,19,19,42,10,40060,East New York (part A),75,36047111600,1116,Brooklyn DPHO,40
215982,30097905,2002.0,None,2/1/2002,04,1.0,0.0,Y,03030,None,01,083,1.0,03,Y,02,1,3,1,2,09,1,02,K,N2,19226,None,2/1/2002 11:03:00 AM,NYC PD,1,000,1,Y,4506524.37,591521.06,437987402.0,202359.0,None,None,21.0,None,300979052002,-73.9166106004,40.7045407265,Brooklyn,304,17,32,37,12,53083,Bushwick North,83,36047044300,443,Brooklyn DPHO,53
216772,30403737,2002.0,None,9/21/2002,04,1.0,0.0,Y,03030,None,01,040,1.0,03,Y,02,1,2,2,1,09,1,03,K,N1, 2365,None,9/21/2002 5:35:00 PM,NYC PD,1,000,1,Y,4519030.91,591416.58,436983550.0,194756.0,None,None,21.0,None,304037372002,-73.9160185427,40.8171987201,The Bronx,201,32,7,17,16,84046,Melrose South - Mott Haven North,40,36005006500,65,Bronx DPHO,84
